sozial	135
Staat	131
wirtschaftlich	128
Mensch	125
politisch	115
Partei	109
Demokratie	96
Volk	95
Entwicklung	94
demokratisch	93
Arbeit	87
Sozialismus	86
Wirtschaft	83
Schweiz	77
Gesellschaft	73
Ziel	73
Land	73
öffentlich	73
kapitalistisch	71
gesellschaftlich	68
sozialistisch	67
❑	67
Freiheit	64
sozialdemokratisch	62
Kampf	61
schaffen	60
Produktion	55
Interesse	54
Organisation	51
führen	48
Gemeinde	46
Arbeiter	45
fördern	44
staatlich	43
Ausbeutung	42
Schutz	42
Kapitalismus	41
international	41
notwendig	40
schweizerisch	40
Aufgabe	40
Betrieb	38
Sozialdemokratie	37
Massnahmen	37
Produktionsmittel	36
Form	36
Hand	36
Kraft	36
Frau	36
Ausbau	36
wichtig	36
Förderung	35
unser	35
Grundlage	34
Proletariat	34
ermöglichen	34
dienen	34
Sozialdemokrat	34
frei	33
Verhältnis	33
Leben	33
Wohlstand	32
folgend	32
Selbstverwaltung	32
Tätigkeit	31
einzeln	31
Bürger	31
verwirklichen	31
bringen	31
Welt	31
Bedürfnis	31
hoch	30
setzen	30
bürgerlich	29
Einkommen	29
Klasse	29
Verwirklichung	29
privat	29
Existenz	28
stellen	28
Unterstützung	28
persönlich	28
kulturell	28
Beseitigung	27
sichern	27
landwirtschaftlich	27
Sicherheit	27
Grundsatz	26
finden	26
Zweck	25
Weg	25
Lage	24
Herrschaft	24
stehen	24
Bildung	24
geistig	24
Masse	24
voll	24
Konsument	24
planmässig	24
Voraussetzung	24
Kontrolle	24
Frieden	24
Kultur	24
1.	24
Fortschritt	23
Politik	23
Arbeitszeit	23
Dienst	23
Möglichkeit	23
Gemeinschaft	23
Boden	23
gehören	23
nehmen	23
2.	23
3.	23
Abhängigkeit	22
Bauer	22
Einrichtung	22
Sicherung	22
Bund	22
Sinn	22
kämpfen	22
gleich	22
menschlich	21
arbeitend	21
Folge	21
Verkehr	21
Kanton	21
Familie	21
Landwirtschaft	20
insbesondere	20
Kapital	20
Gefahr	20
besonderer	20
Arbeitnehmer	20
neu	20
4.	20
5.	20
6.	20
Wohlfahrt	19
national	19
erhalten	19
bleiben	19
ökonomisch	19
Lohn	19
ausreichend	19
Arbeiterbewegung	19
Diktatur	19
aktiv	19
wirksam	19
Menschenrecht	19
möglichst	19
Mann	19
entsprechend	19
unterstützen	19
7.	19
gesamt	18
Entfaltung	18
Kosten	18
Verteilung	18
Genossenschaft	18
Überwindung	18
Fähigkeit	18
Gewerkschaft	18
Arbeitsplatz	18
System	18
gemeinsam	18
bestehen	17
Verbesserung	17
genossenschaftlich	17
Wahl	17
Krieg	17
Aufhebung	17
innerhalb	17
Vermögen	17
Menschheit	17
Rahmen	17
Geschlecht	17
Sozialpolitik	17
selbständig	17
Bereich	17
allgemein	17
erfordern	17
Industrie	17
Preis	17
Gebiet	17
Programm	16
bilden	16
Persönlichkeit	16
heutig	16
Erweiterung	16
schützen	16
bedeuten	16
Handel	16
Erhaltung	16
Mittel	16
Einführung	16
Solidarität	16
Bestrebung	16
Gerechtigkeit	16
materiell	16
nötig	16
jugendliche	16
stets	15
steigern	15
Bedarf	15
Notwendigkeit	15
Bourgeoisie	15
Befreiung	15
weder	15
Regelung	15
Mehrheit	15
Ausländer	15
Hilfe	15
gestalten	15
bekämpfen	15
leben	15
technisch	15
fordern	15
Sozialversicherung	15
Forschung	15
8.	15
Gemeinwesen	14
Ausland	14
Not	14
Einfluss	14
Wirtschaftspolitik	14
stark	14
Arbeitslosigkeit	14
Gleichberechtigung	14
brauchen	14
bedrohen	14
Reform	14
lassen	14
streben	14
Neutralität	14
einheitlich	14
Gut	14
Gegensatz	14
Ausbildung	14
Eigentum	14
Schaffung	14
Gesundheit	14
Armee	14
gewährleisten	14
Umwelt	14
Prinzip	14
bestehend	14
arbeiten	14
suchen	13
Maschine	13
Errungenschaft	13
verbinden	13
Anwendung	13
finanziell	13
Forderung	13
Beziehung	13
Bank	13
Ort	13
Armut	13
eidgenössisch	13
Vorschrift	13
vermehrt	13
Kind	13
Bevölkerung	13
erweitern	13
gelten	13
beschränken	13
Mitbestimmung	13
gerecht	13
Produktivität	13
befreien	12
Rohstoff	12
industriell	12
Beherrschung	12
Steigerung	12
Verwendung	12
Profit	12
Unterdrückung	12
modern	12
beseitigen	12
Leistung	12
Fürsorge	12
Alter	12
gewerkschaftlich	12
erstreben	12
entwickeln	12
Fall	12
militärisch	12
erfüllen	12
Zusammenarbeit	12
Wohnung	12
künstlerisch	12
individuell	12
Frage	12
grundsätzlich	12
unentgeltlich	12
Schule	12
Abschaffung	12
Finanzpolitik	12
erreichen	12
traditionell	12
Institution	12
unabhängig	12
Nation	12
Öffentlichkeit	12
anstreben	12
Grund	12
verhindern	12
bäuerlich	12
Ordnung	12
Sozialist	12
Opfer	12
Sorge	11
Klassenkampf	11
ringen	11
Arbeiterschaft	11
Klassenherrschaft	11
Zukunft	11
Absatz	11
Zahl	11
vermögen	11
Schicht	11
schwer	11
vielmehr	11
Verwaltung	11
Arbeiterklasse	11
Kaufkraft	11
unmittelbar	11
Beschränkung	11
treten	11
Erziehung	11
zwingen	11
einzelner	11
gesetzlich	11
gleichzeitig	11
kommunal	11
Entscheidung	11
direkt	11
Parlament	11
Energie	11
umfassend	11
handeln	11
ausbauen	11
Wachstum	11
gewähren	11
halten	11
angemessen	11
Unternehmen	11
zerstören	11
beherrschen	11
natürlich	11
dauernd	11
soweit	11
32,33	11
faschistisch	11
Plan	11
Gesellschaftsordnung	10
Art	10
letzter	10
proletarisch	10
Jahrhundert	10
Sieg	10
einfach	10
beruhen	10
Mittelstand	10
Unternehmer	10
Widerstand	10
Stadt	10
Verbindung	10
verlieren	10
Produkt	10
Regierung	10
Grenze	10
Zustand	10
Bedingung	10
Verstaatlichung	10
Bedeutung	10
Aufbau	10
Arbeitende	10
Person	10
Wissenschaft	10
Problem	10
Aussenpolitik	10
Beteiligung	10
Beschäftigung	10
Durchsetzung	10
Markt	10
sinnvoll	10
Vorherrschaft	10
ständig	10
Bewusstsein	10
vorhanden	10
verstehen	10
Wert	10
anerkennen	10
Unternehmung	10
Vertreter	10
Verband	10
Ausgleich	10
treffen	10
Mitglied	10
Behörde	10
Vollbeschäftigung	10
gesund	10
Gewerbe	10
obligatorisch	10
14,15	10
rationell	10
Endziel	9
Bürgertum	9
revolutionär	9
weitgehend	9
Reichtum	9
steigend	9
Technik	9
Konkurrenz	9
Gestaltung	9
Krise	9
richten	9
erweisen	9
Steuer	9
Erkenntnis	9
Hebung	9
lässt	9
Charakter	9
Minderheit	9
Arbeitskraft	9
Befriedigung	9
Privateigentum	9
wissenschaftlich	9
hinaus	9
kantonal	9
Wahrung	9
Errichtung	9
Versicherung	9
Kommunismus	9
liegen	9
solidarisch	9
Technologie	9
entziehen	9
garantieren	9
verstärken	9
Europa	9
Struktur	9
Mitwirkung	9
regeln	9
verlangen	9
wissen	9
--	9
Weise	9
Jugend	9
Versorgung	9
Faschismus	9
Unabhängigkeit	8
entfalten	8
Gemeinwirtschaft	8
gesichert	8
I.	8
alt	8
desto	8
zugute	8
Anteil	8
trotz	8
Rücksicht	8
Gesetz	8
gut	8
Tradition	8
angestellter	8
befriedigen	8
genügend	8
geeignet	8
helfen	8
Konflikt	8
geschichtlich	8
Vorrecht	8
herrschend	8
Durchführung	8
wirken	8
entstehen	8
verteidigen	8
körperlich	8
ändern	8
III.	8
lösen	8
Volkswirtschaft	8
Medikament	8
Zeit	8
Verbot	8
verschieden	8
Mitarbeit	8
Medium	8
Sport	8
Feminismus	8
Freizeit	8
Zwang	8
ausserhalb	8
tragen	8
Einschränkung	8
Ebene	8
Verfügungsgewalt	8
Verfügung	8
Wettbewerb	8
erforderlich	8
Arbeitsteilung	8
Verantwortung	8
Chance	8
arbeitslose	8
Selbstzweck	8
Konsum	8
Bewegung	8
Abbau	8
Idee	8
Gesetzgebung	8
verbessern	8
herstellen	8
einzelne	8
9.	8
Planung	8
Parteitag	7
Elend	7
Wirtschaftsordnung	7
Werkzeug	7
Grossbetrieb	7
Handwerk	7
Reihe	7
Kapitalist	7
gröss	7
arbeitslos	7
ausländisch	7
aussetzen	7
schlagen	7
versuchen	7
ausschliesslich	7
Presse	7
imperialistisch	7
vernichten	7
Rationalisierung	7
Erzeugung	7
unerlässlich	7
ausgebeutet	7
Belastung	7
Krankheit	7
Wille	7
II.	7
historisch	7
parlamentarisch	7
Übernahme	7
sittlich	7
Leitung	7
Anlage	7
täglich	7
häufig	7
Richtlinie	7
Lösung	7
Schweizer	7
Erzeugnis	7
Kartelle	7
indirekt	7
billig	7
Ausdehnung	7
Methode	7
Bündnis	7
ausrichten	7
weit	7
Selbstbestimmung	7
Lebensqualität	7
Geschäft	7
Eigenständigkeit	7
durchsetzen	7
Natur	7
Veränderung	7
wachsend	7
Bürokratie	7
einsetzen	7
jeder	7
wobei	7
Stellung	7
wesentlich	7
Beitrag	7
leisten	7
ausschließen	7
Selbstorganisation	7
Bestimmung	7
unterstellen	7
missbrauchen	7
Initiative	7
stärken	7
Praxis	7
überwinden	7
Lebensbedingung	7
Gruppierung	7
vielfältig	7
Instrument	7
Pflege	7
Geborgenheit	7
bieten	7
geben	7
Risiko	7
c	7
sorgen	7
abbauen	7
Arbeitsverhältnis	7
Finanzierung	7
Ursache	7
Information	7
Krankenpfleg	7
10.	7
Genossenschaftswesen	7
erhöhen	7
Festsetzung	7
antikapitalistisch	7
Kampfgemeinschaft	7
Volksgemeinschaft	7
Finanzkapital	7
Überführung	6
Besitz	6
Erwägung	6
Wandlung	6
Lebensmittel	6
beziehen	6
Schwankung	6
Kleinbetrieb	6
Handwerker	6
Kleinbauer	6
Trennung	6
fremd	6
gelingen	6
befinden	6
Schweizervolk	6
Übergang	6
anderer	6
wachsen	6
Überproduktion	6
Unternehmertum	6
Trust	6
Wirkung	6
riesig	6
Kirche	6
durchführen	6
Produktivkräft	6
erlauben	6
Lebenshaltung	6
sicher	6
verschaffen	6
Propaganda	6
Konzentration	6
namentlich	6
gewaltsam	6
Bahn	6
übernehmen	6
legen	6
verschwinden	6
entscheidend	6
Funktion	6
Sache	6
besitzen	6
richtig	6
anpassen	6
schöpferisch	6
Gleichstellung	6
sofern	6
Militarismus	6
kriegerisch	6
betreffen	6
zentral	6
progressiv	6
Unfallversicherung	6
Fabrik	6
Arbeitslosenversicherung	6
bedingt	6
Geschichte	6
weltanschaulich	6
Lenkung	6
erkennen	6
fest	6
Zielsetzung	6
Entwicklungsland	6
verfügen	6
weltweit	6
beeinträchtigen	6
Mobilität	6
fühlen	6
gewaltig	6
Energiequelle	6
Freiheitsrecht	6
Volksrechte	6
Auseinandersetzung	6
Konzern	6
mehrere	6
denken	6
Gleichheit	6
Vielfalt	6
vereint	6
Schritt	6
Richtung	6
Gewinn	6
Lebensform	6
bestimmen	6
Rechtsstaat	6
vornehmen	6
Anspruch	6
totalitär	6
einschränken	6
bemühen	6
Aufstellung	6
Pflicht	6
Behördemitglied	6
aufstellen	6
pflegen	6
geschehen	6
gegenseitig	6
echt	6
Kunst	6
zukommen	6
regional	6
Sozialisierung	6
sozialpolitisch	6
Verfassung	6
grösser	6
kollektiv	6
bisherig	6
Randgebiet	6
verschärfen	6
Linie	6
Spekulation	6
Fremdenverkehr	6
Radio	6
Herstellung	6
22,23	6
Volke	6
religiös	6
menschenwürdig	6
Aufstieg	6
stetig	6
Arbeitsbeschaffung	6
Teil	6
betrachten	6
Überzeugung	6
erklären	6
Kleinhandel	6
Organ	6
werktätig	6
Kreditinstitut	6
nationalisiert	6
Angenomma	5
harmonisch	5
gegeben	5
erblicken	5
vollziehen	5
Industrialisierung	5
Unsicherheit	5
Vorteil	5
häufen	5
grösst	5
Heimat	5
Überlegenheit	5
Klein	5
Mangel	5
untrennbar	5
Kartell	5
Syndikat	5
aufkommen	5
Bundesstaat	5
fast	5
ungeheuer	5
Imperialismus	5
Grossmächt	5
Weltkrieg	5
Schwierigkeit	5
angehörige	5
fallen	5
Abgabe	5
Produzent	5
Selbständigkeit	5
stet	5
gefährden	5
können	5
Aktion	5
Teilnahme	5
Aufklärung	5
befähigen	5
Eroberung	5
bewusst	5
Angriff	5
ersetzen	5
Periode	5
Aufrechterhaltung	5
Versuch	5
Revolution	5
organisatorisch	5
Produktionsprozess	5
herabsetzen	5
Erholung	5
grös	5
verurteilen	5
beruhend	5
Herrschaftsverhältnis	5
Betätigung	5
Prostitution	5
Parteiprogramm	5
Personal	5
Erleichterung	5
friedlich	5
IV.	5
Preispolitik	5
Überwachung	5
Finanz	5
Währungspolitik	5
Grundstück	5
Hochschule	5
Krankenversicherung	5
Strafvollzug	5
Untersuchung	5
12.	5
Jugendpolitik	5
wohnen	5
Landwirtschaftspolitik	5
Kommunalpolitik	5
erfolgreich	5
menschengerecht	5
Entlassung	5
Entfaltungsmöglichkeit	5
Schaden	5
Geld	5
entscheiden	5
verteilen	5
Allgemeinheit	5
zunehmend	5
anonym	5
zugunsten	5
Kenntnis	5
Export	5
Faktor	5
drohen	5
arm	5
mitwirken	5
grundlegend	5
betroffener	5
Koordination	5
umfasst	5
Eingliederung	5
beteiligen	5
ausdehnen	5
lehnen	5
Sprache	5
Standpunkt	5
überall	5
bekennen	5
orientieren	5
ökologisch	5
Aktivität	5
lokal	5
Gruppe	5
Anliegen	5
eng	5
Kontakt	5
öffnen	5
organisieren	5
Jahrzehnt	5
Weiterbildung	5
z.	5
B.	5
sehen	5
Region	5
lenken	5
bestimmt	5
Steuerhinterziehung	5
unterbinden	5
überlassen	5
Haushalt	5
Kreis	5
Erreichung	5
beitragen	5
heranziehen	5
Sozial	5
Individuum	5
bedürfen	5
Stelle	5
Selbsthilfe	5
gegenwärtig	5
angehören	5
kranke	5
fruchtbar	5
Grundeigentum	5
beruflich	5
Arbeitsbedingung	5
Arbeitgeber	5
rein	5
tief	5
Erwachsenenbildung	5
erfolgen	5
Atomwaffe	5
bereit	5
Milizarmee	5
Rechnung	5
private	5
50,51	5
Widerspruch	5
erzeugen	5
Stand	5
11.	5
Stunde	5
wirthschaftlich	5
Arbeitsmittel	5
massgebend	5
Aussenhandelspolitik	5
Gewerbetreibende	5
d	5
Bedrohung	5
sozial-demokratisch	5
Dauerkrise	5
Front	5
Händler	5
leiten	5
Entschuldung	5
Direktorium	5
Volkswirtschaftsdirektion	5
Aussenhandel	5
Bern	4
Kulturstuf	4
hierzu	4
Privatbesitz	4
Klassenkämpf	4
stützen	4
tiefgreifend	4
durchgemachen	4
Industrieland	4
Erschütterung	4
Weltmarkt	4
anwachsen	4
Monopolisierung	4
Gegenstand	4
drückend	4
gering	4
ehrlich	4
vermehren	4
um	4
rückständig	4
ungenügend	4
physisch	4
begegnen	4
besitzend	4
Lohnarbeit	4
Planlosigkeit	4
Anarchie	4
periodisch	4
erschüttern	4
Geissel	4
einerseits	4
Umwälzung	4
meister	4
formal	4
19.	4
aufheben	4
Ausübung	4
ferner	4
Ausnutzung	4
zudem	4
sobald	4
Verkürzung	4
Erhöhung	4
breit	4
Proletarier	4
Invalidität	4
Demonstration	4
Wesen	4
Ergänzung	4
Verelendung	4
Arbeitsvertrag	4
eingreifen	4
gewinnen	4
Kommunalisierung	4
Prozess	4
erleichtern	4
Anstrengung	4
Erfahrung	4
lang	4
erwerben	4
allmählich	4
Streben	4
Gütererzeugung	4
annehmen	4
Klassengegensätze	4
Erringung	4
wahr	4
nützlich	4
Einbezug	4
anwenden	4
Manne	4
ungehindert	4
bloss	4
Erscheinung	4
Erlösung	4
Einbürgerung	4
Vereinheitlichung	4
Landesverteidigung	4
Parteigenosse	4
Zivildienst	4
Einfuhr	4
Wasserkraft	4
Versicherungsgesellschaft	4
V.	4
Nationalbank	4
Grös	4
Betrag	4
VI	4
Autonomie	4
Anerkennung	4
Mitspracherecht	4
VII	4
Gewährung	4
energisch	4
Unentgeltlichkeit	4
Unterricht	4
Stufe	4
Fortbildungsschule	4
Vermehrung	4
Erstellung	4
Humane	4
Fabrikgesetz	4
weiblich	4
systematisch	4
Arbeitsmarkt	4
Richter	4
SPS	4
betreffend	4
Stück	4
ordentlich	4
14.	4
Amt	4
Arbeitsform	4
Konsumentenpolitik	4
Entwicklungspolitik	4
Entfremdung	4
langfristig	4
vertreten	4
Million	4
Gefühl	4
passiv	4
verringern	4
zeigen	4
negativ	4
bescheren	4
Machtballung	4
dienstbar	4
Reaktion	4
wahrnehmen	4
dezentralisiert	4
Willensbildung	4
Hinsicht	4
abhängig	4
wenden	4
Erklärung	4
europäisch	4
prägen	4
Demokratisierung	4
Rahmenbedingung	4
unterschiedlich	4
Anfang	4
solange	4
Abstimmung	4
vertiefen	4
beginnen	4
Wohn	4
günstig	4
überschaubar	4
Vorbedingung	4
Arbeitseinkomm	4
beschäftigter	4
Verein	4
usw.	4
kontrollieren	4
sprachlich	4
uneingeschränkt	4
selber	4
Rahmenplanung	4
Dezentralisierung	4
real	4
kommunistisch	4
Ökologie	4
privatkapitalistisch	4
voraus	4
Quartier	4
Bürgerinitiative	4
erringen	4
reduzieren	4
Mandatsträger	4
wählen	4
Verpflichtung	4
Friedensbewegung	4
Bekenntnis	4
Verständigung	4
angepasst	4
einzig	4
steigen	4
Ferien	4
Wunsch	4
genügen	4
Gesamtheit	4
Gewerbefreiheit	4
produzieren	4
berücksichtigen	4
Raumplanung	4
Finanzgesellschaft	4
Kapitalflucht	4
mächtig	4
Steuerflucht	4
Verbrauch	4
Unfall	4
Deckung	4
Mutterschaftsversicherung	4
Arbeitsrecht	4
Dienstleistung	4
Mieter	4
Kündigungsschutz	4
Rücksichtnahme	4
Jugendarbeit	4
entgegenwirken	4
verdrängen	4
Agrarpolitik	4
fähig	4
Verschuldung	4
Berggebiet	4
ländlich	4
Unterschied	4
prüfen	4
bewahren	4
Bodenpolitik	4
Kulturpolitik	4
fortschrittlich	4
Einwohner	4
Schuld	4
Individualverkehr	4
volkswirtschaftlich	4
Gesundheitswesen	4
Vorrang	4
einräumen	4
Energiepolitik	4
Fernsehen	4
zugänglich	4
kritisch	4
Geltung	4
Werbung	4
Überschuldung	4
medizinisch	4
Berücksichtigung	4
streng	4
kennen	4
Sicherheitspolitik	4
44,45	4
39,40	4
34,35	4
Polizei	4
Umgestaltung	4
besonder	4
Lohnarbeiter	4
15.	4
16.	4
Monopol	4
Vollendung	4
monopolistisch	4
Verkehrsmittel	4
entwickelt	4
moralisch	4
Lebensjahre	4
Änderung	4
zweckmässig	4
koordinieren	4
Kredit	4
Kreditpolitik	4
Wirtschaftszweig	4
Ergebnis	4
e	4
schliessen	4
Lebensbedürfnisse	4
festsetzen	4
Zentralkomite	4
Woche	4
verkürzen	4
unselbständig	4
Erwerbende	4
Kopfarbeiter	4
Arbeitseinkommen	4
Übertragung	4
Strömung	4
Volksmehrheit	4
Weiterentwicklung	4
Kapitalexport	4
erlassen	4
Industriedirektorie	4
Prinzipienerklärung	3
aufsteigen	3
Ersetzung	3
Festigung	3
Klassenvorrecht	3
völlig	3
verwandeln	3
auswärts	3
Industrieprodukt	3
Arbeitsstätt	3
aneignen	3
Naturkräfte	3
Besitzlosen	3
Besitzer	3
ruhelos	3
umhergetrieben	3
Herd	3
versinken	3
elektrisch	3
vertrauen	3
Nutzen	3
Zusammenschluss	3
Weltwirtschaft	3
Hypothekarkredit	3
Kopf	3
diktiert	3
Zwangsgebot	3
Verbilligung	3
bedenken	3
Konkurrent	3
Erzielung	3
schädigen	3
zurückgewinnen	3
Machtmittel	3
gesteigert	3
Lauf	3
blutig	3
Klassenkämpfe	3
Aristokratie	3
Zunftherrschaft	3
Entwicklungsbedürfnis	3
Sonderbundskrieg	3
keineswegs	3
innerer	3
Klasseninteresse	3
Verteidigung	3
verletzen	3
Konkurrenzkampf	3
erfahren	3
Verminderung	3
Lebensunterhalt	3
Rand	3
Zusammenbruch	3
unfähig	3
Volksschicht	3
Überwälzung	3
Existenzminimum	3
Kleinstaat	3
übrig	3
wahren	3
vereinbar	3
Notlage	3
willen	3
Ablehnung	3
Initiativrecht	3
Referendum	3
unentbehrlich	3
Bedrückung	3
Bedarfsgegenständer	3
Organe	3
Zusammenfassung	3
Gewalt	3
Organisationsform	3
geleitet	3
grösstmöglich	3
Produktionsform	3
üben	3
brechen	3
geworden	3
Übereinstimmung	3
Verbrechen	3
wirklich	3
gründen	3
Blosse	3
übergehen	3
hören	3
reichlich	3
Ernährung	3
Kleidung	3
Schmuck	3
Geniesse	3
gesellig	3
entblösst	3
ruhelosen	3
einförmig	3
Tretmühle	3
leiblich	3
benötigen	3
Ehe	3
Nährboden	3
Empfänglichkeit	3
Wahr	3
ungeahnt	3
Antrieb	3
Wirkungskreise	3
Fahnenträgerin	3
Kulturkampf	3
ausgehend	3
Proporz	3
Schweizerbürger	3
Internationale	3
Chauvinismus	3
Stärkung	3
Organisierung	3
entschlossen	3
dienend	3
Roh	3
Aktiengesellschaft	3
Besteuerung	3
Steuerbefreiung	3
Alkoholismus	3
erwachsene	3
Lehrmittel	3
oberer	3
Stipendie	3
Ausschluss	3
Ausreichende	3
Berufslehr	3
VIII	3
Arbeiterschutz	3
Kranken	3
ärztlicher	3
Asyle	3
Sanatorien	3
vorübergehend	3
Behandlung	3
Streikrecht	3
Arbeitsvermittlung	3
IX	3
Strafrecht	3
dringend	3
Prozessführung	3
schnell	3
Herabsetzung	3
SP	3
Etappe	3
Druck	3
Wachstumsgesellschaft	3
Verfügungsmacht	3
Ausländerpolitik	3
Aussen	3
Friedenspolitik	3
fragen	3
töten	3
Wirtschaftskrise	3
Betriebsschliessung	3
zwischenmenschlich	3
Zerstörung	3
Investition	3
privilegiert	3
verursachen	3
Steuerlaste	3
Machtkonzentration	3
Lebensbereiche	3
ausgenützt	3
Privileg	3
Leistungsstaat	3
bürgernah	3
Gelegenheit	3
neutral	3
einheimisch	3
unterwerfen	3
reich	3
stattfinden	3
jährlich	3
Supermacht	3
Ausmass	3
aussenpolitisch	3
Achtung	3
Begabung	3
Pluralismus	3
Ware	3
dezentralisieren	3
Lebensgrundlage	3
föderalistisch	3
ergeben	3
schliesst	3
Vorstellung	3
Schicksal	3
Bildungswesen	3
erschliessen	3
Privilegiert	3
Bildungsbereich	3
gewählt	3
beteiligter	3
Dezentralisation	3
Nutzung	3
Materieller	3
realisierbar	3
gelangen	3
ungleich	3
Bevölkerungsgruppe	3
Herkunft	3
behindern	3
human	3
Bemühung	3
kommen	3
weiterhin	3
Wirtschaftswachstum	3
drängen	3
kurz	3
Garant	3
unverzichtbar	3
liberal	3
Tendenz	3
Begriff	3
Instanz	3
z.B.	3
Totalrevision	3
Bundesverfassung	3
verpflichten	3
beachten	3
versetzen	3
Gebot	3
sowjetisch	3
widersetzen	3
überleben	3
Lebensraum	3
gemeinwirtschaftlich	3
Kommission	3
konkret	3
massiv	3
obwohl	3
ergänzen	3
Regierungsbeteiligung	3
starr	3
Opposition	3
stören	3
innerparteilich	3
Mandat	3
Beschluß	3
begründen	3
finanzieren	3
Verständnis	3
Meinung	3
Sportorganisation	3
Aktionsbündnis	3
leiden	3
Rolle	3
wecken	3
aufweisen	3
Basis	3
verankern	3
Toleranz	3
intern	3
Dauer	3
Lohnabhängig	3
Bedürfnisse	3
Arbeitswelt	3
Humanisierung	3
Kündigung	3
teilweise	3
spielen	3
Nahrung	3
Wirtschaftsentwicklung	3
Ansatz	3
Konjunkturpolitik	3
Verkehrspolitik	3
gezielt	3
vordringlich	3
Missbrauch	3
Wohnungsbau	3
erheben	3
Eigentümer	3
rechtfertigen	3
Ertragsbeteiligung	3
Reserve	3
überführen	3
Grossbanke	3
konjunkturpolitisch	3
Steuerpolitik	3
Leistungsfähigkeit	3
steuerpflichtige	3
Finanzausgleich	3
Finanzbedarf	3
erfasst	3
Netz	3
weisen	3
zusammenhängend	3
gemeinnützig	3
Nachbarschaftshilfe	3
Siedlung	3
Kleinfamilie	3
Wohngemeinschaft	3
Kinderzulag	3
Integration	3
unbürokratisch	3
entsprechen	3
maximal	3
Wohnungsmarkt	3
preisgünstig	3
Vorkaufsrecht	3
Ertragswert	3
Bewilligung	3
Kategorie	3
Landwirt	3
Einzelner	3
Nahrungsmittel	3
Bodenrecht	3
Pächter	3
senken	3
auszugestalten	3
Produktionsmethode	3
Volkseinkommen	3
Zentrum	3
Hauptsache	3
Flüchtling	3
motorisiert	3
Privatverkehr	3
Alpentunnel	3
ausgebaut	3
vollständig	3
Regional	3
Erfüllung	3
Träger	3
Energieträger	3
Gebäude	3
Energieversorgung	3
mindestens	3
Drittel	3
Energiewirtschaft	3
Atomenergie	3
Hypothek	3
Quelle	3
Aufmerksamkeit	3
eigenständig	3
Ungerechtigkeit	3
privatwirtschaftlich	3
unterliegen	3
Qualität	3
aufnehmen	3
Lebensdauer	3
Erfassung	3
Zusammenhang	3
errichten	3
Wiedereingliederung	3
Angebot	3
Höhe	3
Wissenschafter	3
ursprünglich	3
andererseits	3
Schranke	3
Rechtfertigung	3
Verletzung	3
Atomkrieg	3
überzeugen	3
Institut	3
Übel	3
Rüstung	3
Ausrüstung	3
Wehrmann	3
Militärdienst	3
Wirklichkeit	3
28,29	3
Liberalismus	3
Ersatz	3
kleinbürgerlich	3
Rechtlosigkeit	3
Vereinsrecht	3
bestreben	3
Mass	3
fortwährend	3
retten	3
Bekleidung	3
hervorgehen	3
Ideal	3
Ertrag	3
Güterzusammenlegung	3
Offizier	3
Erbschaftssteuer	3
Bekämpfung	3
Altersjahr	3
zurückgelegt	3
Umwandlung	3
Anstellung	3
Beschaffung	3
13.	3
Volksbildung	3
Thätigkeit	3
Unfreiheit	3
Volksmasse	3
ordnen	3
Verkehrswesen	3
Ausführung	3
Januar	3
a.	3
mittlerer	3
Bundesgesetz	3
27.	3
gerichtet	3
planen	3
erzielen	3
Rüstungsindustrie	3
Verhinderung	3
stabil	3
heben	3
drohend	3
Verteilungsapparat	3
ausreichen	3
scharf	3
Koalitionsfreiheit	3
Bautätigkeit	3
Geist	3
Beruf	3
objektiv	3
Unrecht	3
Knechtschaft	3
berufen	3
Kommunist	3
elementar	3
Rasse	3
Vergangenheit	3
Phase	3
Lebensniveau	3
f	3
Wirtschaftsplanung	3
Nationalisierung	3
Werktätig	3
Eisenbahn	3
Arbeitslohn	3
ausgesprochen	3
Parteikongress	3
Kontrollkommission	3
Führung	3
Ausbeuter	3
Produktionsapparat	3
Kreditwesen	3
Gleichgewichtszustand	3
Ausnützung	3
Untergang	3
berufsständisch	3
Grossraumpolitik	3
Verschlechterung	3
aussen	3
Sparguthabe	3
umwandeln	3
Direktive	3
Selbstkost	3
verbindlich	3
Landwirtschaftsamt	3
Kleingewerbe	3
Miete	3
Handelsamt	3
Baugewerbe	3
Verkehrsdirektion	3
Hotel	3
Lohnamt	3
Aussenhandelsamt	3
bäuerlichkleinbürgerlich	2
mitbetroffen	2
unaufhaltsam	2
Zerfall	2
ruiniert	2
Zuzug	2
unbezahlt	2
arbeitsmethoden	2
Ergiebigkeit	2
übler	2
vorwiegend	2
Hauptquelle	2
gedrücktest	2
Zehntausend	2
Erbitterung	2
Betriebsweise	2
Naturalwirtschaft	2
Geldwirtschaft	2
Unfähigkeit	2
all	2
Bauernstand	2
existieren	2
fieberhaft	2
furchtbar	2
preissteigernd	2
anderseits	2
Produktionsweis	2
Mitte	2
Klassengegensatz	2
mildern	2
auswärtig	2
Bildungsanstalt	2
Übermacht	2
erschweren	2
glauben	2
Absatzgebiet	2
Kolonie	2
Verschärfung	2
Warenpreise	2
fortschreitend	2
unvermeidlich	2
Entbehrung	2
gewerblich	2
Beamter	2
Verlauf	2
hemmen	2
Kapitalprofit	2
Dasein	2
befriedigend	2
Arbeitsgelegenheit	2
Lohnsklaverei	2
innere	2
erscheinen	2
liefern	2
freiwillig	2
angeblich	2
zurücktreten	2
Auge	2
niemals	2
beschreiten	2
Massenbewegung	2
Massenaktion	2
Streike	2
Verkennung	2
Kampfmittel	2
missachten	2
insofern	2
ausnutzen	2
wehren	2
mitbestimmend	2
Preisgestaltung	2
vorbereiten	2
Staatsmacht	2
zusammenwirken	2
erlangen	2
wechselvoll	2
Gefährdung	2
nächster	2
Plane	2
Fundament	2
ausüben	2
entgegensetzen	2
Klassenstaat	2
hängen	2
erobern	2
Staatsgewalt	2
sprengen	2
fahren	2
Werk	2
greifen	2
ehemals	2
Rätesystem	2
bedingen	2
engst	2
Schulung	2
Volksgenosse	2
aufhören	2
besitzlos	2
imstande	2
Genuss	2
Gesittung	2
Bedarfsmittel	2
gemütlich	2
naturgemäss	2
Versorgungsanstalt	2
geschützt	2
entkleiden	2
Zuneigung	2
Arbeitsunfähig	2
schön	2
praktisch	2
gesetzgebend	2
Immunität	2
Kantonsbürger	2
Wahlrecht	2
fruchtlos	2
Konkurs	2
Schiedsgerichtsbarkeit	2
geraten	2
beruhenden	2
Nationalismus	2
Verwicklung	2
heraufbeschwören	2
gemischtwirtschaftlich	2
Massenkonsum	2
Müllerei	2
Austausch	2
Gas	2
Strassenbahne	2
Bundessteuer	2
Heranziehung	2
Liegenschaft	2
unbebaut	2
erbschaftssteuer	2
Verwandtschaft	2
vorbildlich	2
Betriebsfrag	2
Alkoholzehntel	2
Volkshäuser	2
Versammlungslokale	2
Darbietung	2
Kindergärte	2
Jugendhorte	2
Spielkurs	2
Ferienkoloni	2
Wald	2
Unterrichtsmaterialie	2
Begabt	2
gemeinschaftlich	2
Handarbeitsunterricht	2
Haushaltung	2
Kochschul	2
Religionsunterricht	2
Lehrwerkstätt	2
Fachschule	2
Heilmittel	2
Wöchnerinnenpfleg	2
Krankenheilanstalte	2
Invalide	2
Hinterbliebenenversicherung	2
Unterstützungsbedürftig	2
Ehre	2
Koalition	2
Beobachtung	2
Subventionierung	2
Todesstrafe	2
Strafminima	2
Verbeiständung	2
Angeschuldigt	2
strafmündig	2
Verhafteter	2
Verurteilung	2
Besserung	2
Vorbild	2
Unentgeltliche	2
Bedürftig	2
Lohnpfändung	2
Rechtstrieb	2
Betreibungsgebühr	2
verabschieden	2
Mitgliedschaft	2
widerspiegeln	2
20.	2
verändern	2
Tausend	2
Präambel	2
Betroffenheit	2
8)	2
Einzelbereich	2
Randregionenpolitik	2
Erkenn	2
längst	2
hungern	2
überfüllt	2
nah	2
Kurzarbeit	2
Verlust	2
ziehen	2
eigentlich	2
Ding	2
Suchtmittel	2
reissen	2
heraus	2
Materielle	2
ungezügelt	2
Inflation	2
Expansion	2
beheben	2
begrenzt	2
Umfang	2
Bürgerin	2
Angst	2
Motor	2
Privatwirtschaft	2
Handlungsspielraum	2
verwalten	2
Glaubwürdigkeit	2
Mieterschutz	2
Hälfte	2
Stimmbürger	2
Staatsverdrossenheit	2
Gegner	2
erkämpft	2
Finanzkrise	2
mühsam	2
Entscheidungsprozess	2
ermutigen	2
ersparen	2
Föderalismus	2
gewiß	2
Bild	2
Isolationismus	2
multinational	2
verlagern	2
Währung	2
Tourist	2
Souveränität	2
erheblich	2
Afrika	2
Asien	2
aufrechterhalten	2
zwingend	2
Milliarde	2
Franken	2
Teufelskreis	2
Gang	2
Katastrophe	2
sogenannter	2
Gleichgewicht	2
wurzeln	2
Rassismus	2
Sexismus	2
Gleichwertigkeit	2
Lebensführung	2
Weltanschauung	2
Raum	2
unterscheiden	2
Ökonomie	2
wohle	2
Lebensbereich	2
eindringen	2
schränken	2
Menschlichkeit	2
berauben	2
doppelt	2
Strategie	2
schrittweise	2
neutralisieren	2
Fehlentwicklung	2
Staatsform	2
Experte	2
basieren	2
Alltag	2
Organisationsprinzip	2
hineingreifen	2
Kollektiv	2
Sozialwese	2
u.a.	2
Zusammenleben	2
Modell	2
Haltung	2
kreativ	2
Vision	2
gesamtgesellschaftlich	2
Rente	2
Sozialcharta	2
Prägung	2
unkontrolliert	2
bergen	2
Produktivitätssteigerung	2
Wirtschaftskraft	2
nutzen	2
gefährlich	2
Erbe	2
westlich	2
Meinungsäusserungsfreiheit	2
Pressefreiheit	2
Versammlungsfreiheit	2
unabdingbar	2
mittels	2
elektronisch	2
hinarbeiten	2
Ständemehr	2
Gesetzesinitiative	2
einführen	2
Zweikammersystem	2
Ständerat	2
französisch	2
Amtssprache	2
Umverteilung	2
Schwächeren	2
Lenkungsabgabe	2
alleinig	2
entarten	2
bezeichnen	2
Einheitspartei	2
Eigengesetzlichkeit	2
dezentral	2
parlamentarisch-pluralistisch	2
verhalten	2
Bürgerrecht	2
Abkehr	2
Leninismus	2
glaubwürdig	2
Spaltung	2
erkannt	2
unbedingt	2
Erfordernis	2
Arbeitsschutz	2
Begegnung	2
Bewusstseinsbildung	2
Referend	2
Gewicht	2
ausserstaatlich	2
sowohl	2
Exekutive	2
bedienen	2
Stimme	2
Garantie	2
Einflussnahme	2
bedeutend	2
fragwürdig	2
Spielraum	2
Handlungsfreiheit	2
Stosskraft	2
Anlehnung	2
Gedankengut	2
deutlich	2
überprüfen	2
Wähler	2
teilnehmen	2
Fortsetzung	2
bereichern	2
aufbringen	2
übertrieben	2
treiben	2
rechnen	2
Bündnispartner	2
Arbeiterkultur	2
Gespräch	2
Tatsache	2
verfallen	2
schwächen	2
erwünscht	2
erwarten	2
Aktivierung	2
Schwerpunkt	2
ungeachtet	2
Einverleibung	2
zusammenarbeiten	2
eintreten	2
Zentralismus	2
Parteibürokratie	2
Delegationsdemokratie	2
schieben	2
dogmatisch	2
Meinungsgruppe	2
Offenheit	2
Konfliktaustragung	2
parteiintern	2
Finanzmittel	2
umsetzen	2
Anregung	2
revidieren	2
aktuell	2
Verfahren	2
l	2
anbieten	2
minimal	2
flexibl	2
Teilzeitarbeit	2
Stellengemeinschaft	2
teilen	2
zukünftig	2
Frucht	2
Müssiggang	2
benützen	2
ll	2
Allgemeininteresse	2
Rahmenplan	2
Verflechtung	2
vermarkten	2
knapp	2
Wasser	2
Ressource	2
aussenwirtschaftlich	2
hart	2
Lenkungsinstrument	2
Dogma	2
tatsächlich	2
lll	2
Kapitalbeteiligung	2
Geschick	2
mitbestimmen	2
Arbeitsgesetzgebung	2
Mitbestimmungsrecht	2
Belegschaft	2
zuweisen	2
selbstverwaltet	2
Folgekosten	2
Staatstätigkeit	2
Zeichen	2
Sozialabbau	2
Einnahme	2
sicherstellen	2
Progression	2
Kapitalgewinnsteuer	2
Schenkungssteuer	2
Auskunftspflicht	2
Ungleichgewicht	2
Sozialstaat	2
Verursacherprinzip	2
umweltschonend	2
Subvention	2
anlasten	2
vermeiden	2
Verursacher	2
Selbstverantwortung	2
Armenunterstützung	2
Beschäftigungsmangel	2
zahlreich	2
Zahnpflegeversicherung	2
Zweig	2
Vereinfachung	2
gewohnt	2
benachteiligen	2
Sozialrecht	2
Lebensbedarf	2
behinderte	2
Umschulung	2
laufen	2
Betreuung	2
Bezirk	2
Familienforma	2
verwehren	2
realisieren	2
Siedlungspolitik	2
Arbeitszeitverkürzung	2
Erwerbsarbeit	2
Arbeitsprozess	2
familiär	2
Familienform	2
ausgehen	2
erleben	2
Auswirkung	2
Anstoss	2
strukturell	2
Jugendarbeitslosigkeit	2
Berufsbildung	2
rasch	2
Räumlichkeit	2
Infrastruktur	2
Bodennutzung	2
konzentrieren	2
Kapitalanlage	2
Wohnraum	2
Eigengebrauch	2
Selbstbewirtschafter	2
Planungsgewinn	2
Ausverkauf	2
Wohnbereich	2
Wohnbauförderung	2
Wohnungsnot	2
Altwohnungssubstanz	2
Mehrproduktion	2
Einsatz	2
Trend	2
Massentierhaltung	2
belasten	2
vollwertig	2
versorgen	2
Landschaftspflege	2
Anbau	2
Neuverschuldung	2
Eindämmung	2
einseitig	2
bevorzugen	2
ausbilden	2
Randzon	2
Massnahme	2
ausgeglichen	2
Peripherie	2
Regel	2
Identität	2
benachteiligt	2
Landschaft	2
Erholungsraum	2
Bergbauer	2
klein	2
schenken	2
verschieben	2
Chorgesang	2
respektieren	2
Zusammenspiel	2
Feld	2
beeinflussen	2
ausnützen	2
ersticken	2
Arbeitsplatzkonzentration	2
Wohnungsspekulation	2
Zweckverbände	2
Gemeindeautonomie	2
achten	2
behandeln	2
entlöhnt	2
Eigenart	2
Einwanderungspolitik	2
Bundesgesetzgebung	2
Gleicher	2
entgegen	2
nämlich	2
Asylpolitik	2
Kulturland	2
verhängnisvoll	2
Auto	2
Zwangsverkehr	2
Nationalstrasse	2
derart	2
Verkehrsnetz	2
sämtlich	2
verursacht	2
Konkurrenzfähigkeit	2
Veloverkehr	2
Profitinteresse	2
Wärmeisolation	2
Auslandabhängigkeit	2
vernünftig	2
Umweltbelastung	2
anheben	2
Sonne	2
Entsorgung	2
Unterhaltung	2
fort	2
anstelle	2
Lokalradio	2
Ausweitung	2
autoritär	2
Repression	2
Filmschaffe	2
Presseförderung	2
Konsumgesellschaft	2
Position	2
autonom	2
entgegenkommen	2
Konsumentenschutz	2
Verwertung	2
Gebrauch	2
rechtlich	2
Konsumentenvereinigung	2
Verbandsklage	2
Kleinkredite	2
Rechtsschutz	2
Reparatur	2
Vereinsleben	2
seelisch	2
Gesundheitszustand	2
spürbar	2
angesichts	2
Medizin	2
Vorbeugung	2
Bewahrung	2
Gruppenpraxen	2
Patient	2
Heimpfleg	2
gestatten	2
alte	2
Arzt	2
Mutterschaftskontrolle	2
gesundheitlich	2
Nachweis	2
therapeutisch	2
Resultat	2
Forschungsbereich	2
Ausleseprozess	2
Leistungsbegriff	2
Neigung	2
Bildungsurlaub	2
Hierarchie	2
spät	2
vorantreiben	2
Gesundheitsvorsorge	2
Verzicht	2
Forschungsentscheide	2
befreiend	2
Kulturelles	2
vielfach	2
Einheit	2
trennen	2
Kulturförderung	2
künstlich	2
zusammenleben	2
Beachtung	2
verdienen	2
verhelfen	2
eingespannen	2
offiziell	2
Maxime	2
universal	2
hervorrufen	2
Machtblöcken	2
Versammlung	2
Strasse	2
einhalten	2
geographisch	2
Militärausgaben	2
Waffe	2
Militärjustiz	2
Alternative	2
ernsthaft	2
Besitzend	2
männlich	2
Verhaltensweise	2
einnehmen	2
unterdrücken	2
Eingang	2
Kindererziehung	2
Sozialdemokratlnn	2
gleichwertig	2
Körper	2
Abrüstung	2
22,23,52	2
20,21,24	2
30,31	2
47,48	2
28,29,32,33	2
14,15,47,48	2
Öffentlicher	2
revolutionieren	2
Neuordnung	2
Zunahme	2
vorher	2
Erfolg	2
Staatswesen	2
empfinden	2
unhaltbar	2
d.h.	2
Bedarfsartikel	2
Erwerb	2
Seite	2
städtisch	2
unablässig	2
herrschen	2
derjenige	2
mässig	2
Hülfe	2
Erdball	2
Arbeitsprogramm	2
Obligatorisch	2
Stimmabgabe	2
Samstag	2
Schul	2
Volksvertretung	2
Mannschaft	2
Wertzuwachs	2
Unentgeltlicher	2
Volksschulunterricht	2
Entschädigung	2
Spielplätz	2
verwenden	2
Heimarbeit	2
Gewerbegericht	2
ortsüblich	2
eingerichtet	2
Getreidehandel	2
Anstellungsverhältniss	2
Maximalarbeitszeit	2
Lohnzahlung	2
beschäftigen	2
bezahlen	2
Arbeitertag	2
formell	2
Bundesbehörde	2
immerhin	2
Garantiee	2
Verweisung	2
Privatleben	2
Vortheil	2
bezüglich	2
Lebenslage	2
Werthe	2
Produktionsfähigkeit	2
Erfindung	2
u.s.w.	2
Benutzung	2
stehend	2
verschärfend	2
stärkerem	2
widmen	2
kirchlich	2
etc.	2
veröffentlichen	2
Vertretung	2
gesetzgeberisch	2
Mittelpunkt	2
Furcht	2
humanitär	2
grosszügig	2
verschärft	2
Spannung	2
festhalten	2
werten	2
wirtschaftspolitisch	2
produktiv	2
Wirtschaftszweige	2
Preisniveau	2
fair	2
Gesichtspunkt	2
Grossunternehmung	2
Gemeineigentum	2
Berufsverbänd	2
Lebensstandard	2
Beeinflussung	2
entlasten	2
besteuern	2
schwach	2
verhüten	2
Produktionspolitik	2
vorsorglich	2
Auftrag	2
Absatzmöglichkeit	2
Betriebsberatung	2
Aufteilung	2
Landesplanung	2
Eigentumsrecht	2
verkaufen	2
bauen	2
Tarifpolitik	2
Angleichung	2
geschaffen	2
Gesundheitsdienst	2
herbeiführen	2
Männerarbeit	2
bezahlt	2
ungerechtfertigt	2
Hinterlassenenversicherung	2
Invalidenversicherung	2
Erwerbsleben	2
Verantwortungsbewusstsein	2
beschaffen	2
Mutter	2
binden	2
willkürlich	2
Eingriff	2
übertragen	2
lebendig	2
aufgeschlossen	2
vermitteln	2
offenstehen	2
ausstatten	2
Anteilnahme	2
Spiel	2
herkömmlich	2
verknüpfen	2
Sehnsucht	2
eingeboren	2
Rede	2
Volkspartei	2
ln	2
Unkenntlichkeit	2
verzerren	2
Wahrheit	2
Lebensbedürfniß	2
kolonial	2
Grosskapital	2
Barbarei	2
erschließen	2
Kampfbedingung	2
Konsumgenossenschaft	2
Russland	2
spalten	2
unvereinbar	2
Klassengesellschaft	2
Zwangsarbeit	2
Weltfrieden	2
Massstab	2
zwangsläufig	2
Anhänger	2
erheischen	2
vollenden	2
Staatsbürger	2
g	2
getragen	2
Vergrösserung	2
Gesamtplanung	2
Arbeitsleistung	2
selbstverständlich	2
Knechtung	2
verbürgen	2
Gründung	2
Tagwacht	2
nothwendig	2
Eigenthum	2
zeitgemäss	2
stimmen	2
entschieden	2
speziell	2
Verhältniss	2
bewirken	2
gedrückt	2
Beaufsichtigung	2
Bezug	2
Haftbarkeit	2
Parteiorgan	2
sämmtlich	2
vorschlagen	2
Vorschlag	2
eingegangen	2
Zentralkomit	2
26.	2
Luzern	2
rücksichtslos	2
weltwirtschaftlich	2
Sammlung	2
Ausdruck	2
Missverhältniss	2
Hypothekargläubiger	2
Zinsknechtschaft	2
Technisierung	2
erworben	2
Umformung	2
hervorgegangen	2
Frontenbewegung	2
Machtposition	2
Spielart	2
Mittelschicht	2
werktätige	2
Tragfähigkeit	2
Abwehr	2
werktätiger	2
Ausgebeutet	2
Schuldenbauer	2
Verarmung	2
Kleingewerbetreibende	2
Kleingewerbetreibenden	2
kaufmännisch	2
Kleingewerb	2
bedrängt	2
siegreich	2
zielbewus	2
innen	2
Abschluss	2
Massenkaufkraft	2
betrauen	2
Genehmigung	2
übergeführen	2
unangetastet	2
Punkt	2
Bilanz	2
Industriepolitik	2
Exportindustrie	2
Ermöglichung	2
nationalisieren	2
überwachen	2
Arbeitseigentum	2
entschulden	2
Verhütung	2
Senkung	2
Kleinhändler	2
Eröffnung	2
Kapitalzinse	2
Massnahm	2
Bau	2
normal	2
Mietpreis	2
zulässig	2
Ungerechtfertigte	2
Beschäftigungsgrad	2
Baudirektorium	2
Tarif	2
Hotelgewerb	2
Hotelgewerbe	2
Gasthof	2
Anpassung	2
Heimindustrie	2
Gastwirtschaft	2
Lohnausschüsse	2
Gesamtarbeitsvertrag	2
Kompensationsverkehr	2
Ausfuhr	2
Clearingverkehr	2
10./12.	1
Dezember	1
Riesengewinne	1
verzweifelt	1
Teuerung	1
weitaus	1
zahlreichst	1
Volksklaß	1
Gross	1
Mittelbetriebe	1
Zwergbetrieb	1
nachweisen	1
Bodenparzellierung	1
verunmöglichen	1
Überanstrengung	1
Prosperität	1
blind	1
schutzzöllnerisch	1
entstanden	1
geeignetst	1
Preisschwankung	1
unsicher	1
Bodenpreise	1
verderblich	1
Bevölkerungsüberschuss	1
fortsetzen	1
zuwenden	1
Industrieproletariat	1
Privatmonopol	1
parlamentarisch-demokratisch	1
Grosstaaten	1
blossgelegen	1
Ableugnung	1
Klassencharakter	1
verschleiern	1
Unterdrückungsapparat	1
Heer	1
Regierungsapparat	1
Volksschule	1
Privilegium	1
verleihen	1
Bevormundung	1
entfernt	1
zögern	1
Augenblick	1
Staates	1
der	1
Produktionskräft	1
bedurfen	1
skrupellos	1
Militärgewalt	1
illusorisch	1
gewillt	1
ausserstand	1
rütteln	1
Lohnverhältnis	1
riesenhaft	1
hinausschweifen	1
verbunden	1
Lohnsteigerung	1
Preisaufschläge	1
benutzen	1
Wechselwirkung	1
weitern	1
Lähmung	1
schliesslich	1
Stockung	1
Gebrauchsgüter	1
beschleunigt	1
gestellt	1
aufhalten	1
überbunden	1
endlich	1
Ausbeutungsverhältniss	1
Bourgeois	1
angreifen	1
Müsste	1
Obdach	1
beherrschend	1
Anhängsel	1
aufgezwungen	1
verbünden	1
Erschwerung	1
Handelsbeziehung	1
Boykott	1
Repressalie	1
Widersacher	1
gefügig	1
klar	1
zutage	1
Weltkampf	1
augenblicklich	1
Aktionsfähigkeit	1
lähmen	1
verzögern	1
Gemäss	1
Einzelaktion	1
Putsch	1
Abstimmungskämpfe	1
Benützung	1
unterschätzen	1
Ausgangspunkt	1
Erweckung	1
zuführen	1
bewegen	1
Erreichbarkeit	1
vornehm	1
Arbeiterpartei	1
herabzumindern	1
Handelszwischengewinn	1
verkleinern	1
Güterverteilung	1
künftig	1
Massenstreike	1
vereinigt	1
Weltproletariat	1
Arbeiterklas	1
Niederlage	1
begleitetem	1
einstig	1
lehren	1
erbittert	1
stossen	1
entreissen	1
voraussichtlich	1
Ansturm	1
reife	1
aufbauen	1
aufbauend	1
gehindert	1
abwehren	1
erhoben	1
anarchisch	1
Profitwirtschaft	1
sogleich	1
einbeziehen	1
Wirtschaftsplan	1
unterordnen	1
Erbrecht	1
Wegnahme	1
beschleunigen	1
Arbeitspflicht	1
verlustig	1
gegangen	1
Gewaltmittel	1
niederzuzwingen	1
Übergangsphase	1
Entwicklungsgange	1
Machtkampf	1
Schärfe	1
Klassenorganisation	1
Parteidespotie	1
Minorität	1
klassenbewus	1
beständig	1
Menschenmord	1
hasst	1
verabscheuen	1
Söldlinge	1
jeweilig	1
Verwachsensein	1
Erneuerung	1
manuell	1
Schaffende	1
leistend	1
Verwaltungsfunktion	1
Unterdrückungsorganisation	1
sterben	1
weichen	1
rationeller	1
Vergeudung	1
Kulturgüt	1
zuteil	1
Erwerbe	1
meist	1
soziademokratisch	1
ARBEITSPROGRAMM	1
5./7.	1
September	1
Basel	1
Exekutivbehörde	1
Volksvertreter	1
Mandatausübung	1
Frauenwahl	1
-stimmrecht	1
Angelegenheit	1
Passives	1
ehrenfolge	1
Pfändung	1
Gesetzgebungsinitiativ	1
Verhandlung	1
Geheimdiplomatie	1
Zollpolitik	1
mittel	1
westeuropäisch	1
Wirtschaftsgemeinschaft	1
Handelsvertretunge	1
Berufskonsulat	1
Gesandtschaft	1
Sozialabteilung	1
aktionsfähig	1
Kreditbegehr	1
Soldat	1
Gehorsam	1
verweigern	1
Zivildienstpflicht	1
Genossenschaftsfrag	1
Einfuhrmonopole	1
Hilfsstoff	1
Handelsmonopol	1
Tabak	1
Ertragsbestimmung	1
Sicherstellung	1
Brotversorgung	1
Getreidemonopol	1
Sammelschien	1
Energieexport	1
Wasserwerk	1
Regiearbeit	1
Broterzeugung	1
Milch	1
Fleischversorgung	1
Aufsicht	1
Truste	1
Geldinstitut	1
Gründerwesen	1
Handelsstatistik	1
Produktionsstatistik	1
Steuerfrag	1
Postsparkas	1
Angliederung	1
Hypothekar	1
Handelsbank	1
Städtebank	1
fundiert	1
Arbeiterbank	1
Steuerwesen	1
Veranlagungsverfahren	1
Substanz	1
ausserordentlich	1
Beanspruchung	1
Staatsfinanz	1
Wertzuwachses	1
Erbfall	1
Grade	1
amtlich	1
Inventarisation	1
Todesfall	1
Zollfreiheit	1
Bedarfsgegenstände	1
Hilfsstoffe	1
belastend	1
Verwaltungsfrag	1
Verwaltungsgerichtsbarkeit	1
Produktionsbetrieb	1
Mitverwaltungsrecht	1
Ausscheidung	1
Kompetenz	1
Verantwortlichkeit	1
Beamtenkörper	1
Beamtung	1
Gesetzliche	1
tariflich	1
Amts	1
Gehaltsverhältnis	1
Schulfrag	1
Zweckmässige	1
Arbeiterhochschule	1
Lesesäle	1
Bäd	1
Sportplatz	1
belehrend	1
Exkursion	1
Freiluftschule	1
Überlastung	1
Schüler	1
Bedürftiger	1
Schülerspeisung	1
Schülerkleidung	1
Schulärzte	1
Schulzahnkliniken	1
Obligatorische	1
Anormaler	1
Arbeiterrecht	1
Wohnungsgesetz	1
Grundbesitz	1
Geburtshilfe	1
Säuglingsheim	1
Tuberkulose	1
Armengesetzgebung	1
wohnörtlich	1
Unterstützungsprinzip	1
verarmter	1
existenzfähig	1
48-Stunden-Woche	1
Gewerbeinspektion	1
Gewerbeinspektorum	1
Gewerbegesetzgebung	1
Lehrlingsgesetz	1
Heimarbeiterschutzgesetz	1
Lohnminima	1
Betriebsrat	1
Regiearbeiten	1
Notstandsmassnahm	1
Rechtspfleg	1
Jugendstrafrecht	1
Jugendgericht	1
Sicherheitshaft	1
Bedingte	1
Vergeltungsprinzip	1
Erziehungsprinzip	1
amerikanisch	1
Rechtsauskunftsstelle	1
Zivilsache	1
Lohnstreitigkeite	1
Geleitwort	1
hundertjährig	1
Gründungsprogramm	1
Zeitepoche	1
gültig	1
erachtet	1
Darstellung	1
Leitidee	1
Handlungsbasis	1
akzeptieren	1
mitprägen	1
sechsjährig	1
November	1
Lugano	1
überwältigend	1
Herausgeberin	1
Sozialdemokratische	1
Postfach	1
Tel.	1
Satz	1
Mai	1
60.	1
63.	1
Inhaltsverzeichnis	1
Standortbestimmung	1
Oekologie	1
Arbeitsforme	1
I	1
II	1
III	1
Familienpolitik	1
Bergbebiet	1
Wende	1
nachindustriell	1
Zeitalter	1
nirgendwo	1
Kerker	1
unabänderlich	1
wider	1
lebenswert	1
Gegenwart	1
fern	1
teilhaben	1
Rezession	1
Prekär	1
Einkommensverlust	1
Umweltschäde	1
wohlbefinde	1
Mitleidenschaft	1
Mitwelt	1
Nachwelt	1
existenzbedrohend	1
meistern	1
dringen	1
Zusammenlebens	1
entgleiten	1
gesellschaftspolitisch	1
Belang	1
sprachlos	1
Überkonsum	1
Prestigeobjekt	1
Vereinsamung	1
unerwartet	1
Aufschwung	1
relativ	1
ungerecht	1
ausgeprägt	1
Profitdenken	1
aushöhlen	1
Wildwuchs	1
geprägt	1
Gesellschaftsveränderung	1
verunsichern	1
beunruhigen	1
Datenverarbeitung	1
zumeist	1
betroffen	1
Konzentrationsprozes	1
masslos	1
angeschwollen	1
stürmisch	1
Verschwendung	1
Schonung	1
Naturschätze	1
Erschliessung	1
Wirtschaftsweise	1
Gewinnerwartung	1
Entscheidungsstrukture	1
entfremden	1
profitorientiertes	1
Kontrollbefugnis	1
Übergriff	1
zentralistisch	1
abwerten	1
Stimmenmacht	1
Marktmächt	1
verflochten	1
Elite	1
Funktionär	1
Hypothekarzin	1
-verlegungen	1
Ohnmacht	1
Überforderung	1
Enttäuschung	1
schamlos	1
Allgemeinwohl	1
unverfälscht	1
einzubringen	1
Passive	1
Kleinräumigkeit	1
Nationalstaat	1
Überschaubarkeit	1
Kontrollmöglichkeit	1
genau	1
Betrachtung	1
Zwänge	1
operieren	1
Produktionsstätte	1
aufgekaufen	1
Geldstrom	1
Finanzplatz	1
Einflüsse	1
Abertausende	1
Import	1
anweisen	1
Fremdarbeit	1
Lateinamerika	1
Epoche	1
tragisch	1
Ernährungsproblem	1
nackt	1
Überlebensfrage	1
Herausforderung	1
Internationalisierung	1
entgegenzustellen	1
Ereignis	1
unzählig	1
Machtwechsel	1
anstatt	1
Welthunger	1
hundert	1
irrsinnig	1
Rüstungswettlauf	1
verschleudern	1
angehäuft	1
Atomwaffenpotential	1
mehrmals	1
Militarist	1
Rüstungsexpert	1
waffenindustrielle	1
Vor	1
Nachrüstungsprogrammen	1
unvorstellbar	1
Südamerika	1
Konventionelle	1
innenund	1
Waffengänge	1
inszenieren	1
tolerieren	1
Atomsprengsatz	1
hetzen	1
Schrecken	1
elitär	1
Ökonomisch	1
Gleichartigkeit	1
Ungleichartigkeit	1
Herrschaftsverhältnissen	1
enthalten	1
aussehen	1
erstellen	1
fixiert	1
Religionsersatz	1
liberale	1
Menschenbild	1
Tüchtig	1
weniger	1
Einhaltung	1
Menschenrechtskonvention	1
aufbrechen	1
Entwicklungsprozess	1
Liebe	1
orientiert	1
Entwicklungsweg	1
anfänglich	1
zulassen	1
Kapitalkonzentration	1
Wirtschaftsinteresse	1
Entscheid	1
Aneignung	1
Kapitalanhäufung	1
Kapitalanteil	1
Wachstumszwäng	1
abgestützt	1
beide	1
Steuerungsfunktion	1
Anbeginn	1
treibend	1
Proporzwahlrecht	1
Frauenstimmrecht	1
austragen	1
Diskussion	1
Revidierbarkeit	1
bedingungslos	1
hierfür	1
Kenntniss	1
absprechen	1
verstanden	1
Regierungsform	1
bewähren	1
Grundentscheidung	1
Massenmedium	1
Machtverteilung	1
Mitverantwortung	1
Grundhaltung	1
Freizeitbereich	1
initiativ	1
einstehen	1
Delegation	1
Konsequenz	1
Oligarchie	1
Wortgewaltig	1
Organisationstüchtig	1
Ausgangsposition	1
Utopie	1
Nahbereich	1
eingeüben	1
taugen	1
Einüben	1
lösbar	1
Rahmenentscheidung	1
fortgeschritten	1
Entwicklungsstand	1
Gröss	1
messen	1
absichern	1
gebrechlich	1
Randregion	1
beschränkt	1
Sozialfürsorge	1
Zusatzleistung	1
Eingliederungsmassnahme	1
immateriell	1
Ordnungsvorschrifte	1
nicht-lohnorientiert	1
Zukünftiges	1
deklassieren	1
erwächst	1
verfügbar	1
laufend	1
menschengerechter	1
Lohnabhängige	1
Begrenzung	1
Privatsphäre	1
unbehindert	1
Polizeigewalt	1
Informationssysteme	1
Persönlichkeitsrecht	1
widersprechen	1
Rechtsstaatsempfinde	1
Kampfparole	1
Wirtschaftsmacht	1
Rechtsstaatlichkeit	1
staatlich-bürokratisch	1
gespeichert	1
Datum	1
Beschnüffelung	1
blockieren	1
abstimmungsverfahren	1
Gegenvorschlag	1
Bundesrat	1
Bundesebene	1
attraktiv	1
Einzel	1
Planungsentscheid	1
Kammer	1
einmalig	1
National	1
Entscheidungsprozeß	1
bestätigen	1
blosse	1
Verfassungskosmetik	1
romanisch	1
italienisch	1
deutsch	1
primär	1
Älter	1
Randgruppe	1
Vormund	1
Fürsorger	1
Verboten	1
Zuschüss	1
Einflus	1
allemal	1
Sinngemäss	1
aufgeblähen	1
Vernetzung	1
Helfer	1
hilfsbedürftigen	1
Menschenfreundlicher	1
Obschon	1
Doktrin	1
Sowjetstaat	1
existierend	1
Osteuropa	1
lernen	1
Zentralisierung	1
demokratiefeindlich	1
zuviel	1
arrogant	1
Entscheidungsgewalt	1
Abstand	1
Bürgerfreiheit	1
schonungslos	1
beinhalten	1
Industriefeindlichkeit	1
Umorientierung	1
Generation	1
Lebensstil	1
Umstellung	1
schrankenlos	1
Wettbewerbsfreiheit	1
Jagd	1
Einzelvorteil	1
reservieren	1
Ausrichtung	1
Geschöpf	1
organisiert	1
Intensität	1
exekutiven	1
Wahlverein	1
Referenden	1
mithelfen	1
Folgeerscheinung	1
Parteigrenze	1
hinweg	1
Selbstverwaltungsbetriebe	1
Vereinigung	1
Thema	1
nahestehen	1
Staatspartei	1
ausserparlamentarisch	1
melden	1
Parlamente	1
Entscheide	1
einleiten	1
stimmenproduzierend	1
abgestützen	1
Proporz-Wahlrecht	1
Informationsquelle	1
Kollegialitätsprinzip	1
allzu	1
Bewegungsfreiheit	1
Absegnung	1
Regierungspoltik	1
Verhaltensregel	1
Ethik	1
Rückhalt	1
Durchsetzungskraft	1
delegieren	1
verhaltensregeln	1
Kompromiß	1
unausweichlich	1
klarstellen	1
Mitarbeiter	1
Berater	1
Referent	1
Bildungsveranstaltung	1
Wahlvorschlag	1
wiederholen	1
Regierungsmitglied	1
Integrationsfunktion	1
Meinungsverschiedenheit	1
vermittelnd	1
abweichen	1
abweichend	1
Ordnungsgemäss	1
Mandatär	1
Abhängig	1
einzustehen	1
Mechanismus	1
Kompromisserfordernisse	1
verletzend	1
Kritik	1
Entzug	1
Bürgerlichen	1
Behördemitglieder	1
jederzeit	1
Parteiöffentlichkeit	1
Behördenvertreter	1
Sachgeschäften	1
Informationsvorsprung	1
bevor	1
Partner	1
Gewerkschaftsbund	1
Mitgliedverbände	1
Gewerkschaftsbewegung	1
Wahlliste	1
Gewerkschaftsmitglied	1
Selbstverständnis	1
auftreten	1
Wahllist	1
Neutralismus	1
Parteimitglied	1
Arbeitnehmerorganisation	1
linke	1
vorfeldorganisationen	1
tangieren	1
Alternativ	1
Umweltschutz	1
Drittwelt	1
Mieterorganisationen	1
Wohnbauund	1
Nenner	1
Einzelfrag	1
punktuell	1
eingehen	1
Wertsystem	1
Zwäng	1
auseinandersetzen	1
Öffnung	1
themenorientiert	1
Arbeitsgemeinschaft	1
spezifisch	1
basisdemokratisch	1
Allgewalt	1
paar	1
Repräsentant	1
Block	1
Forum	1
Grundfrage	1
vereinen	1
offen	1
Zugehörigkeit	1
Nahestehend	1
sturen	1
Zersplitterung	1
gesondert	1
Fraktion	1
Motiv	1
Konfliktfähigkeit	1
Kapazität	1
Bildungsarbeit	1
Zusammensein	1
Lebenslust	1
Verbringen	1
einzelbereich	1
Grundsatzprogramm	1
Verschie	1
fixieren	1
definieren	1
Wegleitung	1
Einzelbereiche	1
Antrag	1
Parteitagsgeschäft	1
erarbeiten	1
einreichen	1
nützen	1
Eingegliedert	1
Industriesystem	1
Dienstleistungsgesellschaft	1
Selbstverwirklichung	1
interessant	1
erstmals	1
Generalstreik	1
Mehrfach	1
weitergeben	1
möglich	1
insgesamt	1
Absplitterung	1
kostenintensiv	1
Automatisierung	1
Kürzere	1
Wochenarbeitszeit	1
Pause	1
Rentenalter	1
Berufsausbildung	1
Lebensarbeitszeit	1
Arbeitsstelle	1
Einkommensgestaltung	1
teilzeitlich	1
Arbeitszeitpolitik	1
technologisch	1
Arbeitsbereich	1
Teilziel	1
umgekehrt	1
Schöpfer	1
informieren	1
Betriebsbereiche	1
Sanktion	1
gesundheitsschädigend	1
FreieZeit	1
Eigenbedarf	1
Freiraum	1
Unternehmensstufe	1
Güterzuteilung	1
folgen	1
Marktmechanisme	1
Wirtschaftseinheit	1
Grossfirm	1
Finanzimperi	1
Hundert	1
Firma	1
kapitalmässig	1
Kartellgesetz	1
straff	1
Unternehmungsrecht	1
Transparenz	1
Marktmechanismus	1
Umweltgüter	1
Luft	1
Ruhe	1
Konjunkturschwankunge	1
Wirtschaftsstruktur	1
Wandel	1
Zinsentwicklung	1
realisiert	1
Bankengesetz	1
Grenzwert	1
unerwünscht	1
Immission	1
Zuschüsse	1
Energiesektor	1
Materialverbrauch	1
Produktionsbetriebe	1
Bankgeheimniß	1
Kreditzuteilung	1
finanzschwach	1
Branche	1
Kapitalverflechtung	1
Wirtschaftsphilosophie	1
Unternehmungstätigkeit	1
Wertschöpfungsprozess	1
erzwingen	1
zusichern	1
Befehlsempfänger	1
mitentscheiden	1
Betriebsangelegenheit	1
Unternehmensentscheide	1
relevant	1
verankert	1
Unternehmerentscheide	1
vorgesehen	1
Zurücksetzung	1
verbieten	1
Gesellschaftsrecht	1
Unternehmensgrösse	1
komplex	1
Arbeitsbereiche	1
steuernd	1
Arbeitsgruppe	1
selbstbewirtschaftet	1
selbstbewohnt	1
Lebensentfaltung	1
Kapitalertrag	1
Neuerschaffen	1
Fonds	1
aussenstehend	1
Aktionär	1
verlassen	1
Beteiligungskapital	1
massgeblich	1
Unternehmenskapital	1
Selbstverwaltet	1
Neugründung	1
erstrebenswern	1
Entscheidungsfindung	1
selbstverwalten	1
Unternehmensform	1
ebnen	1
unten	1
undemokratisch	1
strukturiert	1
a-c	1
vergessen	1
reichen	1
Grösser	1
effizient	1
ansteuern	1
Nachtwächterstaat	1
Finanzknappheit	1
letztlich	1
sparsam	1
Umgang	1
Steuergeld	1
festgelegt	1
ruinieren	1
mittelfristig	1
Ausgabe	1
falls	1
verschulden	1
Vermögensunterschiede	1
Erbschaft	1
getrennt	1
Wirksame	1
Vorkehrum	1
harmonisieren	1
Grundbedarf	1
Luxusverbrauch	1
Indirekte	1
umweltbelastend	1
steuerlich	1
wirtschaft	1
regionalpolitisch	1
tätigen	1
Anreiz	1
wünschbar	1
Individualismus	1
Hauptursache	1
Entstehung	1
vertretbar	1
einzelbereiche	1
hinterher	1
Geldleistung	1
korrigieren	1
entwürdigend	1
versicherte	1
Rechtsanspruch	1
Ersatzeinkommen	1
nachlässt	1
ausfallen	1
Lücke	1
bedenklich	1
überschneiden	1
Einkommensausfälle	1
versicherter	1
reduziert	1
Teilzeitbeschäftigt	1
Verankerung	1
vorausschauend	1
bloß	1
Rentenzahlung	1
Vollzug	1
Selbsthilfebewegung	1
andernfalls	1
Sozialapparat	1
Sozialmassnahme	1
abklären	1
betreuen	1
bevormunden	1
Gemeinschaftshäuser	1
Altersstützpunkt	1
Jugendeinrichtung	1
Dorf	1
verlorengegangen	1
bürokratiefrei	1
beamtet	1
Gleichermasse	1
Sozialstruktur	1
legitim	1
Betagte	1
Alleinstehend	1
Aussenseiter	1
abschieben	1
unwürdig	1
begrüssen	1
Personenkreis	1
abstützen	1
Grossfamilie	1
nachbarschaftlich	1
Sozialversicherungsgesetzgebung	1
Steuerrecht	1
Wohneinheit	1
Wohnumgebung	1
nahe	1
beieinander	1
Erwerbswillig	1
Arbeitnehmerin	1
beinhalen	1
gleichbehandeln	1
Zivilstand	1
Familienangehöriger	1
jugendpolitischer	1
hinnehmen	1
schlimm	1
Rebellion	1
Fremdbestimmung	1
Lebensräumen	1
wünschen	1
alternativ	1
zukunftweisend	1
geltend	1
einzuüben	1
sogar	1
gewaltlos	1
flexibel	1
durchschaubar	1
vermeintlich	1
unveränderbar	1
Gefug	1
hineinzupressen	1
fehlen	1
Geldmittel	1
gewünscht	1
Hilfestellung	1
Artikulation	1
Wohnbedingung	1
überbaut	1
Landreserve	1
teuer	1
Bodenmarkt	1
Bodenverteilung	1
verantwortbar	1
vornehmlich	1
Rendite	1
arbeitsfrei	1
Immobiliengesellschafte	1
Bürohaus	1
nachgewiesen	1
Bereitstellung	1
Bodenerwerb	1
kurzfristig	1
Weiterveräusserung	1
Landwirtschaftsland	1
Preiskontrolle	1
Besiedlung	1
Überbauung	1
Aufwertung	1
abschöpfen	1
Grundstückverkäuf	1
rigoroser	1
Lokalinteresse	1
Genossenschaftliches	1
Hauseigentum	1
Wohnberechtigt	1
gleichermassen	1
koordiniert	1
vorbeugen	1
Baurechtliche	1
wertvoll	1
begünstigen	1
Bauernhof	1
Sackgasse	1
grossem	1
Preisdruck	1
scheren	1
auseinander	1
verschlechtert	1
flüchten	1
Übermechanisierung	1
gross	1
Chemie	1
Monokultur	1
Tierhaltung	1
Fleischproduktion	1
Tierquälerei	1
Kreislauf	1
Giftstoff	1
Gewässer	1
verschmutzen	1
Überschüsse	1
überversorgen	1
Preisschere	1
drehen	1
ernähren	1
Arbeitsgrundlage	1
Kreisläuf	1
Nahrungsmittelproduktion	1
Grundnahrungsmittel	1
reformieren	1
Abschnitt	1
umschrieben	1
Pachtbetriebe	1
Futtermittel-lmporte	1
Einkommenssicherung	1
Kapitaleinsatz	1
uninteressant	1
Einkommenspolitik	1
Direktzahlung	1
gestaffelt	1
Agrarprodukt	1
Anschaffung	1
Gerät	1
Kooperative	1
Bäuerin	1
naturgerecht	1
energiesparend	1
artgerecht	1
Nutztier	1
Existenzsicherung	1
räumlich	1
Zentrumsgebiete	1
Ballungsgebiete	1
Förderungsmassnahm	1
Ballung	1
ausgleichs-	1
verteilungspolitisch	1
Subventionspolitik	1
Kleinindustriebetrieb	1
Altersstufen	1
Berglandwirtschaft	1
Familienbetrieb	1
Fremdenverkehrsförderung	1
mittelbetrieblich	1
Verstärktes	1
Augenmerk	1
Aus	1
beschäftigt	1
Verwaltungsaufgabe	1
Berg	1
Speziellen	1
Volkstheater	1
Musikgruppe	1
Eckstein	1
Bergregion	1
Lebensgefühl	1
zufällig	1
Gemeindepolitik	1
stolz	1
Pionierleistung	1
jeher	1
Kantonal	1
bundesrechtlich	1
zusätzlich	1
Gemeindeebene	1
überspringen	1
vollumfänglich	1
erfahrbar	1
Lebensverhältnis	1
Einleitung	1
Lernprozeß	1
Trendumkehr	1
Pendlerverkehr	1
Wohnen	1
Zusammensetzung	1
altersmässig	1
Durchmischung	1
befürworten	1
Gemeindefrage	1
Sensibilisierung	1
ansprechen	1
Parteipolitik	1
ansprechbar	1
ehest	1
Präsenz	1
aufgestiegen	1
Anwesenheit	1
Einwanderer	1
Entwurzelung	1
hierzulande	1
diskriminieren	1
wälzen	1
Missbilligung	1
Gleichbehandlung	1
zurückhaltend	1
betreiben	1
Quantitative	1
zahlenmässig	1
Lohndrücker	1
Rechtsstellung	1
Aufenthaltssicherheit	1
Familiennachzug	1
zustehen	1
Mitwirkungsrecht	1
Migration	1
Gefälle	1
verfolgen	1
Aufnahme	1
eintreffen	1
Umweltzerstörung	1
Menschengefährdung	1
Moloch	1
Menschenleben	1
vielgerühmt	1
Zerrbild	1
Freiheitsgewinn	1
Mobilitätsbedürfnis	1
Sinnbild	1
Statussymbol	1
Wachstumseuphorie	1
Hätschelkind	1
Fortschrittsglauben	1
siedlungspolitisch	1
Konsumpaläst	1
problemlos	1
kostspielig	1
dicht	1
Autobahnnetze	1
bezweifeln	1
Strassennetz	1
Güterverkehr	1
decken	1
Agglomeration	1
zuschiessen	1
Attraktivierung	1
grob	1
vernachlässigen	1
Verkehrsbewegung	1
Verkehrsplanung	1
komplementär	1
Umweltbeeinträchtigung	1
Umweltkoste	1
siedlungs-	1
versorgungspolitisch	1
Agglomerationsbereich	1
Attraktivität	1
Fussgänger	1
Verkehrssystem	1
Wärme	1
Licht	1
Transport	1
umweltfreundlich	1
kostengünstig	1
Spielfeld	1
Verteiler	1
Entflechtung	1
undurchsichtig	1
optimal	1
Energieverbrauch	1
Niveau	1
Gesamtschweizerische	1
Lagerhaltung	1
Diversifikation	1
Bezugsländer	1
scheinen	1
energiewirtschaftlich	1
Selbstversorgungsgrad	1
wünschenswert	1
Energieproduktion	1
-Verbrauch	1
zurückgehen	1
Verteilungsstruktur	1
zentralisierter	1
Effekt	1
schwierig	1
unmöglich	1
fossil	1
Energiereserv	1
schonen	1
inländisch	1
regenerierbar	1
Wind	1
Erdwärme	1
Biogas	1
Holz	1
krisenfest	1
störungsfrei	1
derartig	1
grosstechnologisch	1
abzusehen	1
Wirtschaftlichkeit	1
jahrtausendelang	1
Radioaktivität	1
untragbar	1
Uran	1
enorm	1
Unfallgefahr	1
Panne	1
Medienpolitik	1
Kommunikationsfreiheit	1
präsent	1
weg	1
Empfangsapparat	1
Ferne	1
Nahe	1
Anpassungsprozess	1
Medienbotschaft	1
Einschaltquot	1
ausgewogen	1
Anpassungsdruck	1
Selbstdarstellung	1
Selbsterfahrung	1
-fernsehen	1
demokratisch-verfassten	1
garantierend	1
konsumbezogen	1
Programmangebot	1
Medienauftrag	1
Meinungsbildung	1
Machtmissbrauch	1
Medienfreiheit	1
Programmschaffenden	1
Zeugnisverweigerungsrecht	1
Journalist	1
Redaktor	1
Profitstreben	1
Zuschauer	1
Hörerbeteiligung	1
unbesehen	1
Vermarktungschance	1
Publikumszugang	1
Pressevielfalt	1
inhaltlich	1
Zeitung	1
Pressegesetz	1
Verlag	1
Inserateninteressen	1
Zeitungsobjekt	1
Meinungsvielfalt	1
Monopolsituatione	1
unternehmen	1
informiert	1
untergeordnet	1
Nachfrager	1
Marktwirtschaft	1
begnügen	1
zahlbare	1
Einzelbedürfnis	1
nachkommen	1
Frustration	1
Fülle	1
Freizeitangebot	1
zufrieden	1
qualitativ	1
Duchsetzung	1
Hauptausrichtung	1
absolut	1
Priorität	1
Apparat	1
gefahrlos	1
ernst	1
verarbeiten	1
Engagement	1
Fernsehsendung	1
unlauter	1
gerichtlich	1
legitimieren	1
Verkaufsbedingung	1
Privatversicherung	1
Übervorteilung	1
Verlängerung	1
Bekanntgabe	1
durchschnittlich	1
Garantieleistung	1
aktivieren	1
Informationshilfe	1
Forschungsinstitut	1
Warentests	1
verbraucherorganisationen	1
Gesundheitspolitik	1
teilzunehm	1
krank	1
Zivilisationskrankheit	1
hilflos	1
Medizinindustrie	1
Beschwerde	1
Gesamtwirkung	1
erkennbar	1
oberst	1
Gesundheitsschäden	1
Umgebung	1
Alkohol	1
Nikotin	1
Drogenmissbrauch	1
mangelnd	1
Flucht	1
Suchtmittelkonsum	1
aufdecken	1
Unglücksfall	1
Kranke	1
universell	1
Einkommensstärk	1
Differenzierung	1
Krankheitskost	1
Ärztehonorare	1
Medikamentenpreise	1
Gesundheitszentre	1
Umstand	1
Chronischkranke	1
erreichbar	1
Pflegestätt	1
Pflegeortwahl	1
Versuchsfeld	1
Gesundgeworden	1
Behandlungsstätten	1
Grad	1
spezialisiert	1
ärztlich	1
Vertrieb	1
erbringen	1
Publikum	1
erhofft	1
eventuell	1
.(35	1
Überleben	1
verzeichnen	1
markant	1
Mitteleinsatz	1
kontinuierlich	1
Machtinhaber	1
ohnehin	1
bevorzugt	1
Oberschichtkind	1
profitieren	1
Arbeiterkinder	1
unberücksichtigt	1
Kopfarbeit	1
Handarbeit	1
zementieren	1
vorrangig	1
Vermittler	1
musisch	1
gleichzustellen	1
Bildungsniveau	1
Qualifikation	1
Bildungsinstitution	1
Bewertung	1
Abschluß	1
lebenslang	1
Korrekturmöglichkeiten	1
kooperativ	1
Forschungsresultat	1
anderswo	1
lediglich	1
getätigt	1
Forschungsaufwendung	1
mehrheitlich	1
vorherrschend	1
behaften	1
angewendet	1
Forschungsziel	1
Überlebensinteressen	1
Erforschung	1
Soziologie	1
Prestigebedürfnisse	1
Forschungspolitik	1
kompensatorisch	1
beabsichtigen	1
unbeabsichtigt	1
Kulturprodukt	1
vorwerfen	1
Spontaneität	1
ganzheitlich	1
Tätigsein	1
strikt	1
Freizeitindustrie	1
gemeinschaftsbildend	1
sinnerfüllt	1
erweitert	1
ideell	1
Kulturbereich	1
Eigeninitiative	1
sozusagen	1
Museum	1
zurückbringen	1
kulturschaffend	1
spielerisch	1
sportlich	1
keinesfalls	1
Spitzenleistung	1
Äusserung	1
Bürgerkomitee	1
ebenfalls	1
Kulturorganisatione	1
Kulturform	1
jung	1
Grundwert	1
Durchbruch	1
praktizieren	1
Interessenrahm	1
Universalität	1
Disponibilität	1
inaktiv	1
möchten	1
Abwesenheit	1
Friedenssicherung	1
erstrebensweren	1
Leitgedanke	1
abbringen	1
Hinterhof	1
Lohnproduktion	1
destabiliseren	1
sein	1
mitverstricken	1
Entwicklungszusammenarbeit	1
Ärmsten	1
verfeinert	1
Oberschicht	1
gewissermassen	1
immense	1
zahlen	1
Aussenwirtschaftspolitik	1
teilbar	1
Solidaritätsaktione	1
Sl	1
begrenzen	1
niederbrenn	1
Leid	1
Beginn	1
Menschheitsgeschichte	1
zusammengenommen	1
Atomrakete	1
jemals	1
abfeuern	1
Tisch	1
Sitzungssaal	1
Kongress	1
diskutieren	1
Trümmer	1
Landesgrenze	1
Mitbewohner	1
Verbund	1
West	1
Ost	1
Nord	1
Süd	1
einfrieren	1
realistisch	1
Entspannung	1
Abrüstungsbemühung	1
Distanz	1
stabilisierend	1
friedenssichernd	1
Konferenz	1
Anstösse	1
Konfliktforschung	1
Friedenszeichen	1
voller	1
Militärische	1
Abwehrbereitschaft	1
kleinstaatlich	1
Grossmachtarmee	1
Kleinformat	1
rüstungstechnisch	1
Verteidigungskonzept	1
Beschaffenheit	1
Schwergewicht	1
infanteristisch	1
Heeresorganisation	1
Einsicht	1
Verteidigungsausgabe	1
tabuisieren	1
Mitsprache	1
abgeändern	1
Produktionsbasis	1
Rüstungsgüter	1
mittler	1
Wehrmänner	1
erlernen	1
Töten	1
Exportverbot	1
Militärdienstverweigerer	1
Suche	1
gewaltfrei	1
Konfliktlösung	1
Konfliktforschungsinstitut	1
Besetzung	1
Mithilfe	1
ausklammern	1
früh	1
Wertmassstäb	1
Geschlechter	1
Rollenfixierung	1
Sozialistlnn	1
Privatbereich	1
ausschliessen	1
besetzt	1
Idylle	1
beschwören	1
überholt	1
Wertvorstellung	1
schaden	1
zugeordnet	1
Prüfstein	1
selbstbestimmt	1
Verfassungsgrundsätz	1
Knabe	1
Mädchen	1
Selbstbestimmungsrecht	1
Diskriminierung	1
Sachregister	1
Abstimmungsverfahre	1
13,14,15,34,35,36,49	1
alternativbewegungen	1
Arbeiterkulturorganisation	1
Arbeitersportorganisation	1
Arbeitsfreie	1
30,31,34,35	1
5,13,34,35	1
12,26,27,36	1
26,27,36	1
4,6,53	1
Arzthonorar	1
8,54	1
4,8,17	1
13,38,43	1
8,53,55	1
Autobahn	1
8,28,29,30,31,38	1
13,34,35	1
Behördenmitglieder	1
20,21	1
39,40,41	1
26,27,37,41	1
5,7	1
Bildungspolitik	1
5,11,12,13,18	1
34,35,50,51	1
38,39,40,41	1
18,22,23	1
16,43	1
7,14,15,16	1
6,10,11,14,15,30,46,50,51	1
10,12,14,15	1
30,31,34,35,49	1
Drittweltbewegung	1
6,8,28,29,46,50,51	1
5,30,31	1
5,8,53	1
26,27,48,50,51,52	1
11,12,34,35,36,43	1
7,32,33	1
8,10	1
Frauenbewegung	1
22,23,56	1
5,12,13,17,26,27,48,52	1
4,53,54	1
22,23,54	1
Friedensinstitut	1
54,55	1
Futtermittelimport	1
Gesetzesinitiativ	1
5,6,17,30,31,34,35,48,49	1
49,54	1
44,45,49,50,51	1
18,22,23,30,31,52	1
9,43,56	1
13,26,27,34,35,50,51	1
Hypothekarzinsen	1
8,53	1
34,35,37,52	1
10,30,31	1
28,29,53	1
4,6,10,18,30,31,54	1
7,28,29,47	1
16,28,29,54	1
24,37	1
39,40,48,52	1
Konsumentenorganisation	1
36,49	1
28,29,49	1
26,27,34,35,39,40	1
11,12,13,14,15,18,30,31,34	1
35,41,52,53	1
30,31,38,39	1
5,28,29	1
9,28,29	1
Lokalfernsehen	1
11,22,23,30,31	1
48,49	1
9,16,53	1
Mieterorganisatione	1
7,36	1
7,12,26,27,30,31	1
41,50,51	1
5,44,45	1
MuItinationale	1
34,35,36	1
Neutralisiertes	1
8,53,54	1
Öffentlichkeitsprinzip	1
18,19	1
Patientenrechte	1
preiskontrolle	1
Privatsphär	1
14,15,56	1
14,15,28,29,30,31	1
13,28,29,39,40,41	1
28,29,38,41	1
Regenerierbar	1
18,19,20,21	1
6,8,17,48	1
8,55	1
48,50,51,56	1
14,15,34,35	1
10,11,12,14,15,16,24,26,27,30,31	1
38,42,50,51	1
9,56	1
46,54,55	1
36,44,45	1
Sowjetunion	1
32,33,39,40,44,45	1
34,35,48,53	1
13,14,15,34,35	1
41,53	1
Sozialer	1
Sozialistisch	1
32,33,34,35,56	1
Sprachliche	1
14,15,41,52	1
7,11,14,15,16,18,19,30,31	1
32,33,50,51	1
Stadtentwicklung	1
26,27	1
Stimmabstinenz	1
32,33,41	1
5,49	1
28,29,32,33,50,51	1
4,56	1
6,10,13,17,26,27	1
43,44,45,53	1
Waffenexportverbot	1
11,18,19,20,21	1
48,56	1
10,17,28,29	1
28,29,38	1
12,30,31,34,35,38,42,44,45	1
36,52	1
4,11,14,15,34,35	1
16,24,46	1
26,27,34,35	1
Tourismus	1
8,41,44,45	1
39,40,53	1
Überwachungssystem	1
4,5,6,17,28,29,32,33	1
41,44,45,46,48,50,51	1
Umweltschutzbewegung	1
UNO	1
48,52	1
6,28,29,42,44,45	1
38,48	1
32,33,44,45	1
7,18	1
einig	1
verzehren	1
Brot	1
Sucht	1
dichten	1
Tracht	1
gefangen	1
staatsbürgerlich	1
verkümmern	1
einflussreich	1
Stempel	1
aufgedrücken	1
schmerzlich	1
Gerechtigkeitsgefühl	1
Vernunft	1
groß	1
Überfluss	1
Wenige	1
beweisen	1
drückenderer	1
unsichere	1
auswandert	1
notwendigst	1
Hindernis	1
ungestört	1
fleissig	1
Untätigkeit	1
auf	1
schädigend	1
somit	1
schlechthin	1
unverträglich	1
Bedarfsgüter	1
Verbrechertum	1
gesünder	1
Antreibe	1
Monopolcharakter	1
eignen	1
sonstwie	1
Aufgabenkreis	1
Kantone	1
Vergesellschaftung	1
Baugrund	1
Interessenkreise	1
abwenden	1
durchgängig	1
dürftig	1
Unterhalt	1
Volksklasse	1
Einklang	1
Ergibigkeit	1
Betriebsverbesserung	1
Zinstribut	1
kleinbäuerlich	1
zugewenden	1
verbessert	1
Flureinteilung	1
Viehhaltung	1
Arbeitsmaschin	1
Tilgung	1
Zins	1
Betriebsgenossenschaft	1
Eigenschaft	1
heranbilden	1
Stande	1
preisregulierend	1
anbahnen	1
reinpolitisch	1
Anteilnahm	1
sezten	1
erlösen	1
Fluch	1
Verbrüderung	1
Bebauung	1
Kultivierung	1
Proportionale	1
Wahlverfahren	1
administrativ	1
richterlich	1
Gesetzgebungs-Initiative	1
Bundesverwaltung	1
gedruckt	1
Stimmzettel	1
Wahlurn	1
abend	1
Urne	1
Bürgergemeind	1
Privatrecht	1
Kirchenund	1
Armenbehörden	1
Ehrenfolg	1
Betreibung	1
kantonalen	1
Gemeindeangelegenheit	1
Bundesanwaltschaft	1
Weitherziges	1
Asylrecht	1
Handhabung	1
Niederlassung	1
Aufenthalt	1
Wirksamer	1
Meinungsäusserung	1
Pressfreiheit	1
Strafbestimmung	1
Wehrwesen	1
Verpflegung	1
Militärstrafrecht	1
Militärgerichtsbarkeit	1
Friedenszeit	1
Ernährer	1
Schuldverhaft	1
Nichtbezahlung	1
Militärpflichtersatz	1
Steuergesetzgebung	1
Progressive	1
Einkommenssteuer	1
Stärkere	1
Kapitaleinkommen	1
Publikation	1
Steuerregister	1
Erbanfall	1
Entfernung	1
Massregel	1
Ermittlung	1
Steuerobjekte	1
Konfiskation	1
entzogen	1
Schutzzollpolitik	1
Schulwesen	1
Berufslehre	1
Universität	1
Polytechnikum	1
inbegriffen	1
Bedürftige	1
Verabfolgung	1
Schwachbegabter	1
Vollsinniger	1
bildungsunfähig	1
Meister	1
Waldschule	1
Geistig	1
Sachgemässe	1
Wirtshaus	1
Lesesäl	1
Vortrag	1
Konzert	1
dramatisch	1
Museumsbesuche	1
Strafprozess	1
Sicherheitsverhaft	1
verhafteter	1
Geldbus	1
Freiheitsstrafe	1
Ausgestaltung	1
Erziehungsmittel	1
unschuldig	1
Verurteilter	1
Zivilprozess	1
Schuldbetreibung	1
Rechtsbeistand	1
Beschleunigte	1
Haftpflichtfäll	1
Ermässigung	1
Gesundheitspflege	1
Wohnungspolitik	1
Volksbäd	1
Promenade	1
Säuglingsmilch	1
Schulärzt	1
Wohnungsinspektion	1
Lunge	1
Nervenleidende	1
Haus	1
Erholungshäuser	1
Genesende	1
Geburtshülfe	1
Unheilbar	1
Tod	1
Mobiliarversicherung	1
freundlich	1
Invalid	1
Gebrechliche	1
Altersschwach	1
Armenwese	1
Wohnsitzgemeinde	1
gleichmässig	1
Armenlast	1
Verarmter	1
Fuß	1
Gewerblicher	1
Maximalarbeitstag	1
stufenweise	1
Freigabe	1
Nachmittag	1
Busse	1
Decompt	1
Fabrikinspektion	1
Fabrikinspektor	1
Wöchnerinn	1
Schonzeit	1
Laden	1
Wirtschaftspersonal	1
Allgemein	1
Sonntagsarbeit	1
Betriebswerkstätt	1
Lohnschutz	1
Verzugszin	1
Lohnforderung	1
17.	1
Vorsorge	1
Bereithaltung	1
Regiebetrieb	1
Bezahlung	1
Arbeiterorganisatione	1
18.	1
Tabakmonopol	1
Erträgniß	1
Elektrizitätswerk	1
Gemeindebäckerei	1
Molkereie	1
-Schlacht-	1
Viehhöfe	1
Wohnungsvermittlung	1
Bestattung	1
Gemeindeangestellt	1
Minimallohn	1
Hinterlassener	1
Festangestellt	1
Submissionswesen	1
Tarifvertrag	1
Arbeitsnachweis	1
ansässig	1
innezuhalt	1
Tarifverträg	1
Lohnsatz	1
Grundsätzlich	1
Beschluss	1
21.	1
Oktober	1
reaktionär	1
politisch-polizeilich	1
Verfolgung	1
Zeitpunkt	1
entschied	1
gesinnt	1
einheiltich	1
organisirt	1
zusammenschliessen	1
Staatslebe	1
anderweitig	1
Gesellschaftsordung	1
leidend	1
Kleinbauernstand	1
fördernd	1
Bestebung	1
Parteibestrebung	1
hinderlich	1
Beseitungung	1
Partikularismus	1
resp	1
Einheisstaat	1
Anschauung	1
definitve	1
Kulte	1
anzupassend	1
Resp	1
Gemeinbesitz	1
Gunst	1
Organisirt	1
ausführen	1
successiv	1
eingehend	1
Studium	1
Ausarbeitung	1
bedacht	1
Ausführungsplan	1
Gesammtorganisation	1
irgenwelchen	1
Standespriviligie	1
Grundsatze	1
Gesellschaftsglied	1
ruhend	1
Wirthschaftsordung	1
Verbleibe	1
Lebensentwicklung	1
gestattend	1
Grundursache	1
Duch	1
hauptsächlich	1
dennoch	1
Theil	1
Segen	1
gereichen	1
Verringerung	1
mithin	1
Unheil	1
Privatinteresse	1
Stetsfort	1
Hemmung	1
erduld	1
infolge	1
schreitend	1
vollständigeren	1
umfassender	1
Dienstbarmachung	1
Riesiger	1
Hülfsquell	1
vervollkommnet	1
Arbeitstheilung	1
Menge	1
übergenug	1
Gütervermittlung	1
Gesammtheit	1
nöthigen	1
Hinderniss	1
beschloss	1
Zielpunkt	1
Politisch	1
Einheitsstaat	1
unentgeldliche	1
Volksaufklärung	1
Wirthschaftliches	1
Successive	1
Landwirthschaft	1
Saat	1
Befolgung	1
Abzug	1
Betriebskost	1
ersetzend	1
Rechtswese	1
Militär	1
Mitwirkende	1
hiefür	1
zunächen	1
Einsetzung	1
einschlagend	1
Bundesversammlung	1
Vorlag	1
besolden	1
Nachachtung	1
ausreich	1
gelohnt	1
willig	1
Privater	1
Parteikomite	1
1889.	1
Präsident	1
Reichel	1
Sekretär	1
Steck	1
Bundesrath	1
Einheitliches	1
proportional	1
Obligatorischer	1
konfessionslos	1
zurückgelgten	1
Unbemittelt	1
Freiplatz	1
Unbemittelte	1
UN	1
Lehranstalt	1
besuchen	1
Erlass	1
B.B.	1
Arbeiterfürsorge	1
Betonung	1
vorläufig	1
Milderungsmassregel	1
eidgen	1
Gewerbegesetz	1
Steuerreform	1
Lohnminimum	1
Achtstundenarbeit	1
Gefängissarbeit	1
Eisenbahnrückkauf	1
Banknot	1
Bankmonopol	1
Zündhölzchenmonopol	1
Erträgnisse	1
Entlastung	1
bedürftig	1
28.	1
Juni	1
Winterthur	1
Herkommen	1
ausbeuten	1
Grundpfeiler	1
Schönheit	1
erschliesst	1
erkämpfen	1
rücken	1
Erde	1
Ausbreitung	1
Vertiefung	1
Gedankenaustausch	1
hochhalen	1
tatkräftig	1
Einigung	1
freiheitlich	1
Föderation	1
bejahen	1
anzuschliessen	1
gebieten	1
Lebensinteress	1
erfahrungsgemäss	1
Sonderstellung	1
mitzuarbeiten	1
kontrolliert	1
Kolonialpolitik	1
weiss	1
farbig	1
uneigennützig	1
weltpolitisch	1
sichernd	1
Widerstandswill	1
tragbar	1
Aufwand	1
Gestehungskost	1
überdies	1
Waffenausfuhr	1
Volksarmee	1
militärisch-technisch	1
vorzunehmend	1
Dienstordnung	1
Dienstverweigerer	1
Gewissensgrund	1
Wertung	1
wichtigster	1
gebühren	1
bezwecken	1
Stetigkeit	1
Gerechter	1
volkseinkomm	1
Volksvermög	1
Initiativ	1
Fachgebiet	1
psychisch	1
Ausgangsbedingung	1
bemessen	1
ähnlich	1
überzuführen	1
Selbstverwaltungskörperschaft	1
Wirtschaftsgruppe	1
geboten	1
finanzpolitisch	1
erfüllend	1
gebend	1
Gerechte	1
Konjunkturablauf	1
Wirtschaftslebe	1
auftretend	1
erfassen	1
Steuerfrei	1
Konsumsteuer	1
Veranlagung	1
vorkehren	1
Sozialabzug	1
gleichmässiger	1
Hinterlassenschaft	1
Verwandtschaftsgrad	1
konjunkturgerecht	1
Wirtschaftslage	1
Staatshaushalt	1
Konjunkturperiode	1
ausgleichen	1
Kapitalbildung	1
Depression	1
untergeordnen	1
Einzelfrage	1
unterzuordnen	1
Geldumlauf	1
regulieren	1
Deflation	1
Zinsbelastung	1
Krediterleichterung	1
Preissteigerunge	1
Wirtschaftsbeziehung	1
Wechselkurs	1
Goldkurs	1
Deflationspolitik	1
Rationalisierungsbestrebung	1
Mehrbeanspruchung	1
Automation	1
Lohnerhöhung	1
Preissenkung	1
Investitionstätigkeit	1
verlaufen	1
Krisenursache	1
Erdöl	1
Erdgasquell	1
Wirtschaftsstatistik	1
Budget	1
Gleichgewichtsstörunge	1
Gesamtwirtschaft	1
Projekt	1
bereitstellen	1
dringlich	1
Ausfall	1
Nachfrage	1
Kriseneinbrüche	1
angestammt	1
zumutbar	1
Preisüberwachung	1
übersetzt	1
Preiskontroll	1
Preisvorschrift	1
Zoll	1
niedrig	1
freilassen	1
Schutzmassnahmen	1
lebenswichtig	1
trachten	1
Inlandproduktion	1
verteuern	1
Finanzzölle	1
Luxuskonsum	1
eigen	1
zustimmen	1
Arbeitsverdienst	1
Preisschutz	1
Überzahlung	1
Arbeitsweis	1
Bauernbetriebe	1
übermässig	1
Zerstückelung	1
Betriebseinheit	1
Existenzschwierigkeit	1
Gegenden	1
Ansiedlung	1
unvermehrbar	1
Landeigentümer	1
Lag	1
monopolähnlich	1
unverdient	1
Preissteigerung	1
entgegenzutreten	1
Kauf	1
Siedlungszweck	1
Verteuerung	1
Bauland	1
Wohnungsmiet	1
Private	1
Einräumung	1
Baurecht	1
Grundstückhandel	1
Beförderung	1
Arbeitsort	1
geringst	1
Zeitaufwand	1
Allgemeinbesitz	1
mehren	1
Verkehrsträger	1
erhöht	1
Verkehrssicherheit	1
Konkurrenzbedingung	1
Kostenbelastung	1
Lärm	1
Schädigung	1
Sozialtourismus	1
Wirtschaftsdemokratie	1
bemittelt	1
Volkskreis	1
Wirtschaftsführung	1
nutzbar	1
Wirtschaftsgebiet	1
Bedrängnis	1
behilflich	1
Einzeln	1
Erwerbsunfähig	1
Mitsprache-	1
Neuorientierung	1
Aufstiegschance	1
Vereinbarung	1
vorbehalten	1
Mindestlöhne	1
vorschreiben	1
üblicherweise	1
verrichten	1
Massstäbe	1
bewerten	1
Gewährleistung	1
nachdrücklich	1
verheirateter	1
Entscheidungsrecht	1
Einschluss	1
Berufskrankheit	1
einschliesslich	1
Ausgleichskasse	1
Militärversicherung	1
Erwerbsersatzordnung	1
Versicherungszweig	1
Hilfsbedürftige	1
wiederherstellen	1
Heilung	1
gewidmet	1
geschädigt	1
schwererziehbar	1
Selbsthilfewerke	1
Sozialwerk	1
Eigenpersönlichkeit	1
Empfänger	1
Mietzins	1
kinderreich	1
Grünfläche	1
Nähe	1
Wohnzentr	1
Wohnstätt	1
fernhalten	1
gleichgerichtet	1
Staatsordnung	1
unvollkommen	1
vorenthalten	1
Ehefrau	1
Berufsarbeit	1
bewältigen	1
Orts	1
verfassungsrechtlich	1
verfassungswidrig	1
Verwaltungsrechtspflege	1
Heranwachsen	1
tätig	1
unsrigen	1
Absage	1
Eidgenossenschaft	1
weiterbestehen	1
Landessprachen	1
Volksteil	1
Baustein	1
Weltschau	1
Wissensvermittlung	1
Jugenderziehung	1
Gemütskraft	1
Besuch	1
Vorurteil	1
Schlagwort	1
frühzeitig	1
innerstaatlich	1
Hort	1
erzieherisch	1
Hemmnis	1
entgegenstehen	1
anregen	1
Wis	1
Musischen	1
äusser	1
Musse	1
nichtkommerziell	1
Freizeitgestaltung	1
Lehre	1
Bindung	1
Geschäftsinteresse	1
Wissensgebiet	1
Spezialwissen	1
Grösste	1
Kunstwert	1
Kulturelle	1
Theater	1
Film	1
wahrheitsgetreu	1
Orientierung	1
Vermittlung	1
Schaff	1
Fernsehprogramm	1
Kulturtradition	1
ethisch	1
mitgeformen	1
christlich	1
Impuls	1
gleichberechtigt	1
Schau	1
Rekordsport	1
hinausführen	1
Kulturund	1
Redlichkeit	1
Ausblick	1
Aufruf	1
zwanzigst	1
Antlitz	1
Vorstellungswelt	1
vorstellbar	1
Fessel	1
Zusammenprall	1
irdisch	1
auslöschen	1
bedeutungsvoll	1
Brüderlichkeit	1
Eigentumsverhältnisse	1
begriffen	1
Ausbeutungsobjekt	1
Gegensätz	1
Bedrückt	1
Menschengeschlecht	1
Entschiedenheit	1
verspotten	1
Allgemeingut	1
Witwe	1
Waise	1
gestern	1
gebrandmarkt	1
alltäglich	1
Einbau	1
wandeln	1
Kapitalbesitz	1
überragend	1
Riesenhafte	1
auszubeutet	1
Schichtung	1
differenziert	1
Besserstellung	1
verantwortlich	1
Wohlergehen	1
rufen	1
niederlegen	1
irgendwie	1
geartet	1
Zuversicht	1
Bewährung	1
schwerst	1
unbesiegbar	1
Freiheitswille	1
vertraut	1
tragend	1
beschließen	1
Frankfurt	1
Main	1
Juli	1
verschärften	1
Hilfsquell	1
ausserstande	1
verheerend	1
Massenarbeitslosigkeit	1
funktionieren	1
schroff	1
Kontrast	1
Gestalt	1
Nazismus	1
Haupt	1
Protestbewegung	1
Gesellschaftssystem	1
grausamst	1
Büroarbeiter	1
Kleinkaufleute	1
Gelehrt	1
Künstler	1
Schriftsteller	1
Bestimmungsrecht	1
Gleich	1
Weltpolitik	1
Ldee	1
Schwinden	1
Wirtschaftsforme	1
regelnd	1
Wirkungskreis	1
Privatkapital	1
einengen	1
jahrzehntelang	1
Entstehen	1
Verschiedenartigkeit	1
Ausdrucksform	1
parasitär	1
Finanzoligarchie	1
Bodenreform	1
Kollektiveigentum	1
durchdringen	1
bolschewistisch	1
zurückgeworfen	1
Dogmatismus	1
erstarren	1
Marxismus	1
Trachte	1
Klassenzerrissenheit	1
ausrotten	1
terroristisch	1
aufreizend	1
Gleichförmigkeit	1
Auffassung	1
Gleichviel	1
marxistisch	1
begründet	1
Analyse	1
ableiten	1
fundamental	1
auferlegen	1
Meinungsfreiheit	1
Lehr	1
Lernfreiheit	1
geheim	1
Geburt	1
Glaube	1
Justiz	1
angenommen	1
Daseinsberechtigung	1
Lebensinteresse	1
vereinigen	1
Bestand	1
unlösbar	1
Weltfriede	1
Name	1
Produktionssteigerung	1
Planwirtschaft	1
Monopolkapitalismus	1
Wirtschaftsorganisation	1
Arbeitsprodukt	1
Gemeindeunternehmunge	1
Verbraucheroder	1
Produktivgenossenschaft	1
mannigfaltig	1
Grundindustrien	1
abhängen	1
Kollektivisierung	1
Mittelindustrie	1
hindern	1
Volkswohlstand	1
Zentralbürokratie	1
Ständesystem	1
Wirtschaftsverband	1
konstitutionell	1
Zentralbehörden	1
vermehrend	1
Hauptmotiv	1
Sozialprodukt	1
Belohnung	1
vollbrachten	1
Arbeitsantrieb	1
Freude	1
Gemeinschaftsgeist	1
Gemeininteresse	1
verficht	1
Grundrecht	1
Mutterschutz	1
Arbeitsunfähigkeit	1
Kinderschutz	1
Schulbildung	1
Ungleichheit	1
Unzulänglichkeit	1
verwerfen	1
schänden	1
verantwortungsbewussten	1
Triebkraft	1
befruchten	1
Schöpfung	1
Schatz	1
Jahrtausend	1
dauerhaft	1
Weltordnung	1
Weltmassstab	1
Rechtsordnung	1
Respekt	1
Charta	1
Unterjochung	1
irgendein	1
heimsuchen	1
tiefst	1
Unwissenheit	1
Neuverteilung	1
Weltreichtum	1
unentwickelt	1
beseeln	1
brennend	1
Friede	1
Weltabrüstung	1
Vergewaltigung	1
Kriegsgefahre	1
ächten	1
appellieren	1
April	1
Arbeiterinteresse	1
Assoziation	1
allseitig	1
vereinzelt	1
unerreichbar	1
blos	1
polizeilich	1
Gesetzgebungsform	1
heilig	1
Gesammtentwicklung	1
thätigst	1
Antheil	1
gebührend	1
Zentralisation	1
Platz	1
freudig	1
Devise	1
Ohmgeld	1
Staatseigenthum	1
keinerlei	1
dürfen	1
unentgeldlich	1
nieder	1
untentgeldlich	1
sowol	1
Armenpflege	1
Arbeiterverhältnisse	1
anbetriffen	1
grell	1
Misstände	1
Arbeitsertrag	1
langsam	1
wol	1
Lohne	1
intellektuell	1
hülflosen	1
nachzuhelfen	1
Normalarbeitstag	1
Kinderarbeit	1
Arbeitslokalität	1
gesundheitspolizeilich	1
Vorrichtunge	1
Schutze	1
Lebensgefahr	1
Statistik	1
Staatskredit	1
Grössere	1
Arbeiterstand	1
Rationelle	1
Fachlehrer	1
Handwerkerschule	1
Norm	1
Hauptaufgabe	1
Gewerksgenossenschaft	1
Anschluss	1
erprobt	1
Hauptaugenmerk	1
Bethätigung	1
Zustimmung	1
abonnirt	1
beitreten	1
Exemplar	1
abonniren	1
Verbreitung	1
Nachen	1
Erscheinungsweise	1
Druckort	1
Redaktion	1
Urabstimmung	1
Parteigeschäfte	1
bezeichnet	1
unmassgeblich	1
Schickt	1
Sektion	1
inneren	1
Wahlergebniss	1
einverstanden	1
Neuwahl	1
wählbar	1
wohnend	1
Lokalkomite	1
einsammeln	1
Korrespondenz	1
bescheinen	1
Sendung	1
halb	1
Prüfung	1
Parteigeschäftsleitung	1
ernennen	1
Sitz	1
streitigen	1
zuwiderhandeln	1
Abberufung	1
reklamirt	1
Reklamation	1
Gesammtabstimmung	1
Tagesordung	1
Büreau	1
Kongreß	1
Zürich	1
emporsteigen	1
Sturz	1
Befestigung	1
nötigen	1
Unternehmergruppe	1
Interessenkämpf	1
Missverhältnis	1
Aufnahmefähigkeit	1
verhältnismässig	1
konzentriert	1
kommandieren	1
Verästelung	1
Botmässigkeit	1
diktieren	1
Finanzgebarung	1
bestimmend	1
Kluft	1
Nutzniesser	1
Frühzeit	1
Freiwild	1
zwang	1
Fronarbeit	1
zahlt	1
übermenschlich	1
Ungemessene	1
hygienisch	1
Lebensfreude	1
abringen	1
begreifen	1
jäh	1
abschließen	1
plan-	1
zügellos	1
Verengung	1
Krüppel	1
leicht	1
begleiten	1
Niedergang	1
Niedergangsperiode	1
Reich	1
Arm	1
Kulturpolitilk	1
Proletarisierung	1
Verwandlung	1
unaufhörlich	1
Viertel	1
Lohnerwerb	1
angewiesen	1
Tor	1
werfen	1
überlässen	1
Stellensuchend	1
Massenerscheinung	1
drücken	1
Arbeitendo	1
schmäleren	1
Familienleben	1
Familienband	1
Hausstand	1
Techniker	1
Handarbeiter	1
Lohndruck	1
verschonen	1
Hörig	1
fabrikmässig	1
Grossproduktion	1
Kleingewerbetreibend	1
untergraben	1
schleichend	1
Vertrauenskrise	1
Guthaben	1
Sparer	1
opferen	1
Profitsucht	1
Rentner	1
Hoffnung	1
ruhig-bescheiden	1
Lebensabend	1
Vorratskammer	1
schwellend	1
Ernt	1
darben	1
Warenvorrat	1
Bereicherungsmöglichkeite	1
versprechen	1
Vernichtung	1
profitsüchtig	1
innern	1
Bürgerliche	1
parlamentarischdemokratisch	1
Grosstat	1
Koalitionsrecht	1
weitreichend	1
gelegentlich	1
wanken	1
prekär	1
Finanzlage	1
Bürgerlich	1
halbbürgerlichen	1
geworfen	1
Desperados	1
Träumer	1
Wiederkehr	1
untergegangen	1
aristokratisch	1
Mittelständler	1
Bewusst	1
ahnen	1
Segel	1
Ständestaat	1
Berufsverband	1
Korporation	1
unklar	1
uneinig	1
überein	1
autoritären	1
Niederschlag	1
Zahlenmässig	1
Geldmitteln	1
trüb	1
verwildern	1
Kampfmethoden	1
huldigend	1
Schrittmacher	1
paktieren	1
notleidend	1
Arbeitermasse	1
Faschist	1
Bestreben	1
Demokrat	1
vorgeben	1
Anrufung	1
unpopulär	1
Sturm	1
schwanken	1
Extremen	1
bedroht	1
entsprungen	1
Pendelpolitik	1
Niederringung	1
Auftrieb	1
untergräbn	1
Rechtsbegriff	1
Treue	1
Terror	1
Brutalität	1
gegründet	1
Welthandel	1
reisst	1
niedergehend	1
Verewigung	1
Kriegsgefahr	1
Permanenz	1
aussereuropäisch	1
Absatzmarkt	1
Rohstoffquelle	1
Kapitalanlagegebiet	1
vornherein	1
anlegen	1
Nachbarland	1
Kriegswillen	1
neuartig	1
Expansionsbestrebung	1
Kriegsursache	1
Staatseinrichtung	1
Vorwand	1
Wirtschaftskräft	1
übersteigend	1
Rüstungspolitik	1
Schürung	1
nationalistisch	1
scheinstreben	1
Vernichtungsfeldzug	1
Steuerlasten	1
Schulter	1
bildend	1
Lohnarbeitende	1
verallgemeinern	1
werben	1
Herzblut	1
Lastenverteilung	1
Besonderheit	1
Klarlegung	1
Aufdeckung	1
entwicklungsgeschichtlich	1
Vorhut	1
Kulturverbände	1
zusammengeschlossen	1
Schlagkraft	1
gleichviel	1
Joch	1
Reservearmee	1
gegensätzlich	1
Interessengruppe	1
Erwerbslose	1
wirkungsvollst	1
Milderung	1
erachten	1
Reduktion	1
Vervollkommnung	1
weitergehend	1
Arbeitslosenfürsorge	1
Unausweichlichkeit	1
Ideologe	1
angestrebt	1
Verjagung	1
Jahrhundertealt	1
organisch	1
Gesellschaftsentwicklung	1
Mittelalter	1
zurückgebildet	1
billigen	1
Wahlfreiheit	1
Kulturerrungenschaft	1
Hilfsmassnahm	1
Erzieherin	1
Nöt	1
militärisch-wirtschaftlich	1
Zwangsorganisation	1
Einreihung	1
Grundbedingung	1
vollwertigen	1
urteilsfähig	1
einst	1
Kapitalistische	1
entgegengehend	1
Behauptung	1
ketten	1
Staatssozialismus	1
schuld	1
trostlose	1
Bevölkerungsschichte	1
Faschistische	1
heuchlerisch	1
Heil	1
Konkurrenzunfähigkeit	1
Beschäftigungsrückgang	1
durchgeführt	1
hervorgerufen	1
Verdrängung	1
Hochkonjunktur	1
Lebensmittelpreise	1
Überteuerung	1
Schuldknechtschaft	1
hartnäckig	1
weigern	1
sinkend	1
Lebensmittelpreis	1
fallend	1
schwindend	1
Zinssatz	1
Schuldverpflichtung	1
Stützungsaktion	1
Bedürftigkeit	1
Finanzkapitalist	1
rationalisiert	1
Grosseinkauf	1
Hilfsstoffen	1
begünstigenden	1
serienmässig	1
eingestellt	1
Grossbetriebe	1
vorteilhaft	1
Kleinbedarf	1
Werkstatt	1
Kapitalmangel	1
Hörigkeitsverhältnis	1
Grosskaufmann	1
selbstgeschaffen	1
arbeitseinkomme	1
beschriten	1
wirtschaften	1
Einkommensverhältnis	1
handelspolitisch	1
Korporationenwes	1
Muster	1
Ausbeutungsverhältnis	1
Produktionsumfang	1
mechanisiert	1
auszuschalten	1
bankherren	1
Warenverteilung	1
ausmerzen	1
Bereicherung	1
arbeitsloser	1
Schuldenlast	1
ausdrücklich	1
illegal	1
Notwehr	1
Selbstbehauptung	1
falsch	1
Volksbewegung	1
Wort	1
Schrift	1
Streik	1
Kräfteverhältnissen	1
vorgiben	1
Verkümmerung	1
Ausnahmegesetz	1
volkswillenr	1
Vollmacht	1
Zerschlagung	1
Revolutionär	1
wahllos	1
zulässigen	1
dezimieren	1
Tragweite	1
durchgeführen	1
Rechenschaft	1
blutleer	1
Bewaffnung	1
isoliert	1
Rettung	1
konsequent	1
zuletzt	1
Mehrung	1
bekennend	1
Gruppen	1
Interessengegensatz	1
Verschiedenheit	1
versöhnen	1
Gruppeninteresse	1
aufzurichen	1
kräftigen	1
erneuern	1
ablehnen	1
Zertrümmerung	1
erscheinend	1
entgegentreten	1
feil	1
Söldnerpresse	1
demagogisch	1
provozierend	1
Kundgebung	1
korrumpierend	1
Volksmeinung	1
vergiften	1
halb-	1
ganzfaschistisch	1
Abenteurer	1
antidemokratisch	1
fühlend	1
Ausbeuterklasse	1
Helfershelfer	1
maskiert	1
völkerrechtlich	1
Eigendasein	1
würdig	1
Zersetzung	1
abzuweisen	1
Agent	1
Gewaltangriff	1
bewaffnet	1
Grenzschutz	1
Verkörperung	1
Wehr	1
Verfügungstellung	1
indes	1
Wehrfähig	1
unterdrückend	1
erziehungsmethoden	1
Aufwendung	1
Defensivzweck	1
zuwiderlaufen	1
ringend	1
Nichtangriffspakt	1
Kulturvölker	1
Wiedererstarkung	1
Befreiungskampf	1
Beendigung	1
Glück	1
Schlage	1
Klassenscheidung	1
aufgebaut	1
klassenlos	1
Kampfentschlossenheit	1
entgegenwirkend	1
mühevoll	1
wechselreich	1
entgegenzuführen	1
fatalistisch	1
mechanisch	1
vollziehend	1
Hingabe	1
Opferfreudigkeit	1
denkend	1
Kulturgüter	1
Wiederherstellung	1
heranwachsend	1
Schöne	1
sehnen	1
auskommlich	1
Konsumenteninteresse	1
erwerbend	1
Teilmassnahme	1
ungeschmälert	1
Lohnabbau	1
Kredits	1
Wirtschaftskräfte	1
Inlandindustrie	1
Emission	1
Wertpapier	1
Kapitalverkehr	1
Hypothekarzinsfuß	1
Versicherungswesen	1
Aktienhypothekenbanke	1
Stimmrechtstitel	1
Kantonalbanke	1
behalten	1
Kantonsgebiet	1
Gewerbekredit	1
Volksbank	1
Eidgenössische	1
Gewerbebank	1
Staatsbank	1
Kleinbank	1
Sparkasse	1
Bankgesetzgebung	1
loyal	1
mitzuwirk	1
Vorbehalt	1
leitend	1
Bankinstitut	1
Unterbindung	1
Börsenspekulation	1
Bankgesetz	1
Einordnung	1
Geschäftstätigkeit	1
spekulativ	1
Tätigung	1
Auslandgeschäft	1
Revisionsdienst	1
Kontrollstellen	1
Publizierung	1
Liquidität	1
Verwaltungsorgane	1
Il	1
lohnarbeitend	1
eingeführt	1
Fabrikat	1
Einfuhrgenossenschaft	1
Industriekörper	1
Monopolstellung	1
Baustoffindustrie	1
Staatssicherheit	1
Industriezweige	1
Industrieverbänd	1
zusammenschließen	1
Industrieverband	1
Betriebsleitung	1
Betriebsanlag	1
Produktionsquot	1
Selbstkostenrechnung	1
Verkaufstätigkeit	1
technisch-wissenschaftlich	1
Forschungsstelle	1
Versuchswerkstätten	1
Berufsschule	1
Heranbildung	1
Nachwuchs	1
Öffentlich-rechtliche	1
Revisionsstell	1
liegend	1
unterzogen	1
durchgreifend	1
Produktionskost	1
Inland	1
überhöht	1
Pachtzinse	1
überschreiten	1
Entschuldungsgrenze	1
festzusetzen	1
Ablösung	1
Verschuldungshypothek	1
Staatsobligatione	1
Gläubiger	1
Bürg	1
Bodenspekulation	1
freihändig	1
Verkauf	1
angeboten	1
entschuldet	1
Erbpachtrecht	1
Erb	1
Produktionskosten	1
Verschleissspann	1
Milchhandel	1
verwertungsgenossenschafter	1
Einkaufsgenossenschaft	1
Kontrollwesen	1
Maschinisierung	1
Motorisierung	1
Fortbildungswesen	1
Preisfestsetzung	1
Neuerung	1
Handwerkergenossenschaft	1
Preistarife	1
geeignetster	1
Materiali	1
versehen	1
Beratungsstelle	1
Erteilung	1
Befähigungsnachweis	1
ausgeführt	1
vorzubehalten	1
Überhöht	1
Gewerbeamt	1
förderlich	1
Preisansatz	1
genehmig	1
Rekurs	1
Detailhandel	1
Kleinhandelspreise	1
Typisierung	1
Einkaufszentrale	1
Ausschaltung	1
Zwischenhandel	1
gefordert	1
gedeihen	1
dienlich	1
Kleinhandelspreistarife	1
Beurteilung	1
angefochten	1
Geschäftsgründunge	1
Bode	1
Mietpolitik	1
Siedlungsverhältniß	1
Wohnaufwand	1
Arbeitseinkomma	1
zeitig	1
Wohnstandard	1
Baugrundstücke	1
lockern	1
Wohnbautätigkeit	1
Wohndicht	1
zurückgeführt	1
Baupolitik	1
Verkehrsweg	1
Expropriationsrecht	1
Industriebau	1
Industriebaut	1
Grundstücksgrenze	1
enteignet	1
Nutzungswert	1
Aufschliessungskost	1
bebaut	1
ausgewiesen	1
Baukost	1
Handänderung	1
Pacht	1
Aufschliessung	1
zuzuführen	1
Mietzinskontrollstell	1
Wohndichtigkeit	1
zueinand	1
konstant	1
Baugewerb	1
Wohnbaugenossenschaft	1
Mieterverbände	1
Befugnis	1
Industriedirektorium	1
Expropriationsgesetze	1
eingereicht	1
Regionalplan	1
Verkehrsplan	1
Bauprogramm	1
wachen	1
Verkehrswirtschaft	1
Privatbah	1
Verkehrsunternehmung	1
Verkehrszweig	1
Verkehrsverband	1
Verwaltungsdirektion	1
verkehrsinteressenten	1
Verkehrsbetrieb	1
Bundesbahn	1
Post	1
Telegraph	1
Telephon	1
Generaldirektion	1
zweckentsprechend	1
Bundesbahne	1
Fremde	1
Reiseverkehr	1
Erholungsheim	1
Baudenkmäler	1
Wanderweg	1
Jugendherberg	1
unbesetzt	1
Fremdenbett	1
Ferie	1
Volkserholungsheim	1
unverzinslich	1
knüpfen	1
Vertrauensleute	1
Hotelangestellt	1
In	1
Produktionsmöglichkeit	1
Lohnniveau	1
Arbeitsschutzgesetzgebung	1
Angestelltenschicht	1
Gastwirtschaftsgewerbe	1
entbehren	1
Tarifvertragsrecht	1
Frauenarbeit	1
entlöhnen	1
Lohnansatz	1
Lohnausschüß	1
Berufsverbänder	1
bestellen	1
Minimallöhne	1
Verkehrsanstalt	1
vorerst	1
vierzigstündig	1
Normalarbeitswoch	1
Arbeitsverhältniß	1
Lehrling	1
Schulzeit	1
Schuljahr	1
verlängern	1
zurücklegen	1
Eisenbahngesetz	1
Hotellerie	1
Büro	1
wöchentlich	1
Arbeitszeitverhältnisse	1
Arbeitsordnung	1
Betriebsunfälle	1
jugendlich	1
Dienstbot	1
Normalarbeitsvertrag	1
genehmigt	1
Konvention	1
Arbeitskonferenz	1
ratifizieren	1
Bestellung	1
Arbeitsämter	1
Einigungsstelle	1
Gesamtarbeitsverträg	1
Betriebsausschüsse	1
Betriebsdirektion	1
Verwaltungsrät	1
Allgemeinverbindlicherklärung	1
Berufsberatung	1
rascher	1
Aufsaugung	1
Arbeitsauftrag	1
vergeben	1
Kapitalkraft	1
Exportförderung	1
Warenclearing	1
Kapitalguthabe	1
Union	1
Sowjet-Republike	1
Einfuhrgenossenschafte	1
Vorstand	1
Importeur	1
Verbraucher	1
Ausfuhrgenossenschaft	1
erteilen	1
Kompensationszentrale	1
Abwicklung	1
Kompensation	1
angliedern	1
X.	1
Last	1
Bundesfinanz	1
Fiskalzölle	1
Entschuldungsaktion	1
u.	1
vermittels	1
radikal	1
Erbschaftssteuern	1
Luxussteuern	1
Grundstückgewinn	1
Wertzuwachssteuern	1
Wegsteuerung	1
Anleihe	1
Vermittel	1
Banke	1
Steuerveranlagung	1
Steuerbelastung	1
fiskalisch	1
XI	1
Oberster	1
Wirtschaftsorgan	1
zusammengefasst	1
Volkswirtschaftsrat	1
Mitgliederzahl	1
beigegeben	1
